Customer_Index,Churn_Probability,Predicted_Churn_Baseline,Predicted_Churn_Tuned
6171,0.09,0,0
11147,0.13,0,1
12081,0.09,0,0
4929,0.11,0,1
3744,0.04,0,0
6278,0.07,0,0
12658,0.02,0,0
1972,0.0,0,0
13511,0.05,0,0
3814,0.01,0,0
3266,0.07,0,0
9559,0.01,0,0
8490,0.2,0,1
6976,0.05,0,0
6342,0.07,0,0
11371,0.08,0,0
8484,0.14,0,1
10137,0.08,0,0
521,0.06,0,0
5602,0.1,0,1
2337,0.07,0,0
12599,0.07,0,0
2402,0.03,0,0
920,0.04,0,0
12270,0.1,0,1
874,0.02,0,0
5816,0.34,0,1
7703,0.08,0,0
12803,0.24,0,1
10471,0.18,0,1
10833,0.05,0,0
9469,0.04,0,0
5270,0.34,0,1
12645,0.07,0,0
13470,0.18,0,1
14215,0.1,0,1
2359,0.08,0,0
11769,0.02,0,0
13045,0.06,0,0
9812,0.05,0,0
10312,0.69,1,1
888,0.15,0,1
14566,0.06,0,0
5143,0.08,0,0
7215,0.07,0,0
5831,0.17,0,1
2182,0.18,0,1
9606,0.09,0,0
9081,0.11,0,1
8001,0.12,0,1
10118,0.06,0,0
12280,0.12,0,1
4823,0.05,0,0
5508,0.12,0,1
6058,0.05,0,0
10491,0.04,0,0
1943,0.07,0,0
3494,0.06,0,0
1983,0.09,0,0
2091,0.13,0,1
10067,0.06,0,0
4019,0.01,0,0
467,0.05,0,0
1269,0.06,0,0
1818,0.02,0,0
11500,0.04,0,0
5333,0.01,0,0
11647,0.04,0,0
1523,0.22,0,1
2658,0.03,0,0
1180,0.05,0,0
13450,0.05,0,0
12030,0.0,0,0
4447,0.03,0,0
1377,0.14,0,1
8960,0.1,0,1
7489,0.05,0,0
14018,0.03,0,0
2466,0.09,0,0
3439,0.18,0,1
6116,0.05,0,0
1524,0.0,0,0
5034,0.05,0,0
8713,0.18,0,1
1267,0.2,0,1
10170,0.09,0,0
12339,0.08,0,0
6608,0.0,0,0
142,0.0,0,0
8881,0.07,0,0
5882,0.24,0,1
9227,0.04,0,0
6718,0.24,0,1
13455,0.07,0,0
12760,0.22,0,1
6288,0.15,0,1
10611,0.02,0,0
2095,0.07,0,0
7310,0.06,0,0
6042,0.03,0,0
2712,0.04,0,0
9616,0.06,0,0
11630,0.08,0,0
2696,0.06,0,0
5071,0.19,0,1
7618,0.14,0,1
4069,0.07,0,0
5228,0.0,0,0
33,0.07,0,0
3771,0.05,0,0
13773,0.03,0,0
1437,0.06,0,0
10686,0.04,0,0
6179,0.05,0,0
10435,0.07,0,0
8585,0.0,0,0
9600,0.07,0,0
12732,0.09,0,0
6289,0.05,0,0
3990,0.16,0,1
7479,0.06,0,0
10355,0.12,0,1
11186,0.05,0,0
12219,0.17,0,1
5053,0.45,0,1
10235,0.19,0,1
10298,0.01,0,0
1563,0.01,0,0
13624,0.02,0,0
7376,0.24,0,1
13018,0.06,0,0
13976,0.15,0,1
10531,0.0,0,0
6106,0.19,0,1
3374,0.06,0,0
13823,0.06,0,0
272,0.01,0,0
11770,0.02,0,0
5557,0.42,0,1
325,0.25,0,1
13291,0.16,0,1
5120,0.09,0,0
8413,0.07,0,0
13981,0.03,0,0
1261,0.06,0,0
2643,0.07,0,0
5276,0.09,0,0
13912,0.2,0,1
13032,0.05,0,0
7737,0.13,0,1
13644,0.01,0,0
6780,0.05,0,0
2894,0.12,0,1
3618,0.1,0,1
10487,0.03,0,0
6897,0.07,0,0
675,0.14,0,1
14055,0.02,0,0
5419,0.08,0,0
3081,0.06,0,0
11418,0.01,0,0
45,0.06,0,0
4597,0.07,0,0
8600,0.03,0,0
11537,0.1,0,1
11216,0.11,0,1
6492,0.2,0,1
10736,0.04,0,0
7388,0.11,0,1
13887,0.21,0,1
4937,0.08,0,0
4957,0.02,0,0
1035,0.05,0,0
6071,0.23,0,1
3061,0.03,0,0
7558,0.08,0,0
14529,0.1,0,1
13034,0.09,0,0
340,0.03,0,0
8456,0.14,0,1
10664,0.04,0,0
9117,0.01,0,0
9352,0.18,0,1
1363,0.0,0,0
6550,0.24,0,1
13552,0.09,0,0
1667,0.23,0,1
9792,0.06,0,0
5852,0.2,0,1
4398,0.07,0,0
9235,0.04,0,0
11367,0.37,0,1
519,0.11,0,1
13918,0.0,0,0
10364,0.01,0,0
12899,0.0,0,0
10113,0.01,0,0
488,0.18,0,1
489,0.21,0,1
13078,0.09,0,0
1281,0.01,0,0
3535,0.17,0,1
4386,0.03,0,0
10273,0.13,0,1
14503,0.1,0,1
663,0.05,0,0
7455,0.03,0,0
13203,0.05,0,0
8593,0.1,0,1
14554,0.02,0,0
4915,0.07,0,0
1640,0.1,0,1
9759,0.05,0,0
14449,0.05,0,0
6296,0.23,0,1
1392,0.06,0,0
620,0.36,0,1
2709,0.06,0,0
10640,0.05,0,0
8590,0.04,0,0
13891,0.17,0,1
9903,0.02,0,0
6465,0.09,0,0
2818,0.09,0,0
4755,0.1,0,1
7523,0.02,0,0
577,0.1,0,1
4075,0.11,0,1
14252,0.06,0,0
5953,0.07,0,0
13343,0.01,0,0
5215,0.04,0,0
2839,0.08,0,0
7222,0.02,0,0
12679,0.1,0,1
3294,0.03,0,0
10025,0.24,0,1
1583,0.0,0,0
3932,0.05,0,0
8681,0.11,0,1
6850,0.1,0,1
8190,0.04,0,0
12909,0.09,0,0
13889,0.02,0,0
9603,0.03,0,0
12538,0.08,0,0
5825,0.09,0,0
5893,0.12,0,1
9389,0.03,0,0
13468,0.18,0,1
14537,0.07,0,0
9700,0.0,0,0
3355,0.05,0,0
10500,0.12,0,1
10188,0.1,0,1
4296,0.08,0,0
5166,0.02,0,0
6371,0.03,0,0
9644,0.02,0,0
10843,0.08,0,0
3522,0.01,0,0
10700,0.04,0,0
2291,0.96,1,1
7368,0.03,0,0
8782,0.05,0,0
12070,0.08,0,0
8114,0.07,0,0
4635,0.08,0,0
10533,0.05,0,0
3480,0.5,1,1
4188,0.02,0,0
7545,0.15,0,1
4487,0.1,0,1
154,0.04,0,0
5980,0.08,0,0
1233,0.17,0,1
278,0.1,0,1
1669,0.01,0,0
1645,0.01,0,0
13848,0.01,0,0
8918,0.12,0,1
12239,0.01,0,0
10866,0.03,0,0
8230,0.13,0,1
7076,0.02,0,0
828,0.04,0,0
2406,0.04,0,0
3754,0.11,0,1
9168,0.14,0,1
5782,0.07,0,0
11961,0.04,0,0
605,0.1,0,1
4012,0.03,0,0
10659,0.21,0,1
8906,0.08,0,0
431,0.04,0,0
11559,0.08,0,0
10079,0.14,0,1
4855,0.12,0,1
2465,0.05,0,0
11732,0.07,0,0
852,0.15,0,1
4592,0.0,0,0
11415,0.06,0,0
452,0.01,0,0
8517,0.09,0,0
9729,0.07,0,0
5925,0.12,0,1
12562,0.05,0,0
3283,0.09,0,0
2043,0.05,0,0
2536,0.01,0,0
5895,0.01,0,0
6629,0.06,0,0
3010,0.15,0,1
399,0.27,0,1
1495,0.08,0,0
8929,0.07,0,0
14136,0.03,0,0
578,0.08,0,0
3487,0.13,0,1
2476,0.05,0,0
9560,0.14,0,1
11361,0.03,0,0
12547,0.05,0,0
7807,0.05,0,0
1553,0.08,0,0
8022,0.06,0,0
9953,0.08,0,0
12703,0.12,0,1
7867,0.03,0,0
11504,0.01,0,0
8950,0.03,0,0
4866,0.02,0,0
12584,0.05,0,0
7583,0.2,0,1
12124,0.15,0,1
10464,0.02,0,0
6132,0.27,0,1
13626,0.06,0,0
2384,0.11,0,1
1586,0.06,0,0
2030,0.07,0,0
221,0.04,0,0
1826,0.21,0,1
2849,0.07,0,0
9884,0.15,0,1
12958,0.29,0,1
6403,0.18,0,1
6249,0.12,0,1
13140,0.05,0,0
6673,0.23,0,1
7566,0.26,0,1
14088,0.09,0,0
2049,0.27,0,1
11780,0.13,0,1
1391,0.09,0,0
1091,0.07,0,0
4943,0.22,0,1
3515,0.05,0,0
1651,0.2,0,1
7029,0.07,0,0
5988,0.16,0,1
167,0.12,0,1
4002,0.08,0,0
7901,0.01,0,0
12169,0.1,0,1
9949,0.06,0,0
11428,0.1,0,1
974,0.13,0,1
13817,0.11,0,1
13734,0.05,0,0
4036,0.05,0,0
12984,0.08,0,0
6360,0.13,0,1
9256,0.04,0,0
4004,0.04,0,0
13164,0.09,0,0
7260,0.04,0,0
1554,0.08,0,0
10910,0.11,0,1
5753,0.07,0,0
1078,0.19,0,1
13394,0.18,0,1
5578,0.15,0,1
7848,0.15,0,1
3078,0.24,0,1
11771,0.01,0,0
12188,0.06,0,0
13219,0.01,0,0
5592,0.08,0,0
3017,0.02,0,0
8083,0.11,0,1
10224,0.06,0,0
10991,0.03,0,0
9214,0.11,0,1
214,0.03,0,0
1541,0.15,0,1
11620,0.04,0,0
7732,0.03,0,0
13211,0.05,0,0
10233,0.01,0,0
1136,0.01,0,0
13224,0.03,0,0
2134,0.06,0,0
4589,0.11,0,1
9625,0.13,0,1
11182,0.02,0,0
13880,0.39,0,1
9074,0.09,0,0
5628,0.09,0,0
5303,0.03,0,0
12687,0.25,0,1
12761,0.13,0,1
12357,0.19,0,1
6488,0.11,0,1
13881,0.07,0,0
31,0.1,0,1
2092,0.07,0,0
13523,0.08,0,0
8927,0.07,0,0
3567,0.0,0,0
9540,0.14,0,1
1427,0.1,0,1
7095,0.17,0,1
13538,0.04,0,0
845,0.02,0,0
2908,0.0,0,0
7082,0.06,0,0
1096,0.2,0,1
13808,0.08,0,0
8469,0.11,0,1
424,0.13,0,1
11268,0.14,0,1
5623,0.1,0,1
5006,0.28,0,1
11488,0.14,0,1
13248,0.02,0,0
3197,0.03,0,0
13861,0.03,0,0
3028,0.21,0,1
12522,0.11,0,1
8704,0.05,0,0
4774,0.13,0,1
9901,0.02,0,0
4938,0.05,0,0
10920,0.01,0,0
11114,0.07,0,0
5281,0.08,0,0
10238,0.03,0,0
13212,0.1,0,1
3978,0.07,0,0
13280,0.02,0,0
1985,0.04,0,0
11362,0.08,0,0
2214,0.03,0,0
13707,0.0,0,0
13616,0.01,0,0
8202,0.06,0,0
11011,0.1,0,1
4433,0.05,0,0
11579,0.03,0,0
2676,0.13,0,1
10485,0.07,0,0
13515,0.01,0,0
14361,0.1,0,1
6804,0.04,0,0
6023,0.04,0,0
1670,0.07,0,0
7158,0.09,0,0
1357,0.44,0,1
2450,0.07,0,0
7131,0.06,0,0
1992,0.16,0,1
719,0.02,0,0
7741,0.0,0,0
7839,0.05,0,0
13377,0.07,0,0
11134,0.03,0,0
7919,0.06,0,0
9259,0.16,0,1
4548,0.06,0,0
14371,0.06,0,0
4194,0.03,0,0
12430,0.01,0,0
7436,0.05,0,0
2573,0.01,0,0
9479,0.07,0,0
7091,0.11,0,1
9574,0.03,0,0
11587,0.04,0,0
3645,0.04,0,0
10152,0.12,0,1
12999,0.31,0,1
643,0.0,0,0
12223,0.16,0,1
3472,0.01,0,0
2260,0.04,0,0
466,0.12,0,1
12601,0.13,0,1
10115,0.05,0,0
6366,0.02,0,0
10324,0.04,0,0
13228,0.05,0,0
12087,0.09,0,0
10150,0.12,0,1
8210,0.2,0,1
4501,0.02,0,0
9304,0.0,0,0
5777,0.11,0,1
7730,0.01,0,0
4960,0.02,0,0
7279,0.14,0,1
6193,0.02,0,0
1861,0.03,0,0
5968,0.17,0,1
5068,0.08,0,0
13631,0.11,0,1
10948,0.05,0,0
5552,0.09,0,0
5942,0.03,0,0
7712,0.14,0,1
9020,0.04,0,0
1748,0.01,0,0
8554,0.07,0,0
5342,0.03,0,0
5792,0.14,0,1
12110,0.09,0,0
6046,0.08,0,0
11665,0.04,0,0
6530,0.11,0,1
159,0.06,0,0
5548,0.07,0,0
11808,0.05,0,0
13286,0.04,0,0
2176,0.13,0,1
1334,0.04,0,0
4304,0.11,0,1
4503,0.14,0,1
6321,0.21,0,1
3442,0.08,0,0
13252,0.21,0,1
5198,0.03,0,0
2686,0.07,0,0
8436,0.01,0,0
10094,0.01,0,0
6760,0.07,0,0
9910,0.09,0,0
11275,0.22,0,1
6196,0.07,0,0
6752,0.05,0,0
2411,0.08,0,0
10381,0.11,0,1
1271,0.08,0,0
8444,0.22,0,1
7811,0.1,0,1
3965,0.01,0,0
14293,0.08,0,0
575,0.04,0,0
3213,0.23,0,1
14580,0.05,0,0
11838,0.06,0,0
13743,0.14,0,1
3088,0.02,0,0
14525,0.15,0,1
776,0.14,0,1
320,0.07,0,0
3018,0.29,0,1
3951,0.03,0,0
8119,0.12,0,1
321,0.14,0,1
10341,0.05,0,0
11868,0.27,0,1
8779,0.0,0,0
1462,0.14,0,1
5431,0.04,0,0
5466,0.08,0,0
11313,0.17,0,1
2087,0.03,0,0
4448,0.11,0,1
5909,0.09,0,0
13376,0.09,0,0
12571,0.03,0,0
7169,0.16,0,1
8586,0.09,0,0
3921,0.13,0,1
13087,0.1,0,1
2455,0.09,0,0
174,0.08,0,0
9287,0.05,0,0
10198,0.08,0,0
3639,0.09,0,0
2607,0.19,0,1
7918,0.16,0,1
5771,0.05,0,0
9872,0.1,0,1
14257,0.08,0,0
7301,0.07,0,0
4727,0.0,0,0
13053,0.03,0,0
7663,0.07,0,0
9451,0.04,0,0
8688,0.25,0,1
12135,0.08,0,0
2288,0.03,0,0
8164,0.05,0,0
1124,0.04,0,0
3861,0.07,0,0
9400,0.04,0,0
9999,0.03,0,0
3733,0.05,0,0
10418,0.14,0,1
393,0.1,0,1
9741,0.02,0,0
5063,0.03,0,0
11221,0.1,0,1
13849,0.02,0,0
5467,0.11,0,1
9583,0.05,0,0
7286,0.01,0,0
7433,0.15,0,1
4109,0.06,0,0
13073,0.19,0,1
12762,0.16,0,1
11080,0.01,0,0
10108,0.03,0,0
628,0.1,0,1
8317,0.03,0,0
8619,0.09,0,0
9636,0.18,0,1
201,0.07,0,0
3245,0.1,0,1
10569,0.08,0,0
6774,0.19,0,1
11852,0.05,0,0
3882,0.15,0,1
8560,0.14,0,1
7619,0.11,0,1
6665,0.21,0,1
5897,0.02,0,0
8364,0.33,0,1
13370,0.2,0,1
2201,0.07,0,0
4544,0.04,0,0
8040,0.04,0,0
950,0.12,0,1
8180,0.16,0,1
4567,0.08,0,0
4135,0.05,0,0
3598,0.07,0,0
503,0.17,0,1
10756,0.11,0,1
5271,0.09,0,0
499,0.17,0,1
9748,0.23,0,1
6600,0.05,0,0
12204,0.04,0,0
13647,0.1,0,1
1113,0.01,0,0
11494,0.18,0,1
4612,0.0,0,0
8908,0.04,0,0
459,0.14,0,1
5090,0.0,0,0
4324,0.09,0,0
1418,0.05,0,0
14547,0.05,0,0
1687,0.05,0,0
1775,0.3,0,1
196,0.05,0,0
12048,0.03,0,0
4542,0.1,0,1
9643,0.23,0,1
10680,0.13,0,1
7453,0.09,0,0
406,0.18,0,1
4610,0.08,0,0
12482,0.07,0,0
4802,0.07,0,0
8635,0.08,0,0
13213,0.09,0,0
7923,0.14,0,1
7926,0.17,0,1
12769,0.15,0,1
12529,0.01,0,0
10135,0.09,0,0
9091,0.0,0,0
8831,0.09,0,0
12730,0.04,0,0
1399,0.04,0,0
5858,0.08,0,0
10047,0.04,0,0
7785,0.09,0,0
3285,0.1,0,1
2946,0.1,0,1
9642,0.05,0,0
14507,0.04,0,0
6016,0.07,0,0
9001,0.06,0,0
10923,0.05,0,0
6518,0.11,0,1
4827,0.1,0,1
1145,0.09,0,0
5150,0.14,0,1
7002,0.13,0,1
3311,0.08,0,0
1978,0.11,0,1
712,0.14,0,1
9326,0.05,0,0
8227,0.1,0,1
6338,0.1,0,1
5651,0.06,0,0
3992,0.04,0,0
14522,0.02,0,0
13603,0.1,0,1
2976,0.13,0,1
4934,0.07,0,0
48,0.05,0,0
11370,0.03,0,0
4911,0.09,0,0
4499,0.05,0,0
13710,0.03,0,0
313,0.12,0,1
4134,0.03,0,0
7731,0.33,0,1
11626,0.26,0,1
5587,0.24,0,1
12977,0.03,0,0
9519,0.09,0,0
3824,0.06,0,0
6690,0.08,0,0
12,0.04,0,0
88,0.04,0,0
10963,0.15,0,1
6095,0.12,0,1
13102,0.13,0,1
9432,0.15,0,1
308,0.05,0,0
7004,0.07,0,0
8398,0.19,0,1
14410,0.17,0,1
9720,0.07,0,0
14605,0.09,0,0
7350,0.54,1,1
12252,0.07,0,0
5500,0.0,0,0
12798,0.03,0,0
3032,0.3,0,1
843,0.04,0,0
5629,0.07,0,0
2400,0.04,0,0
4655,0.02,0,0
6434,0.25,0,1
9381,0.04,0,0
3157,0.12,0,1
134,0.02,0,0
3075,0.12,0,1
8788,0.12,0,1
5536,0.04,0,0
2119,0.04,0,0
11151,0.06,0,0
11217,0.12,0,1
4064,0.11,0,1
4977,0.0,0,0
13436,0.19,0,1
8268,0.06,0,0
12035,0.12,0,1
2763,0.06,0,0
9398,0.03,0,0
7956,0.05,0,0
12092,0.01,0,0
8509,0.03,0,0
12951,0.01,0,0
1087,0.08,0,0
8009,0.12,0,1
6893,0.1,0,1
11487,0.02,0,0
3546,0.12,0,1
7418,0.02,0,0
13398,0.13,0,1
13012,0.11,0,1
8555,0.05,0,0
12012,0.02,0,0
7150,0.1,0,1
3008,0.17,0,1
4691,0.97,1,1
5366,0.0,0,0
7126,0.11,0,1
12311,0.1,0,1
4230,0.09,0,0
1274,0.33,0,1
2252,0.05,0,0
9003,0.02,0,0
6113,0.54,1,1
5583,0.15,0,1
6519,0.13,0,1
4402,0.04,0,0
4948,0.63,1,1
2385,0.02,0,0
12693,0.22,0,1
397,0.0,0,0
8492,0.15,0,1
13752,0.09,0,0
1018,0.0,0,0
8335,0.03,0,0
3759,0.11,0,1
9171,0.1,0,1
2975,0.21,0,1
12364,0.17,0,1
1468,0.08,0,0
5920,0.09,0,0
9529,0.1,0,1
10693,0.1,0,1
9554,0.08,0,0
10781,0.24,0,1
4374,0.02,0,0
11136,0.19,0,1
11739,0.06,0,0
3849,0.08,0,0
4831,0.15,0,1
11884,0.11,0,1
12414,0.02,0,0
3020,0.03,0,0
10037,0.03,0,0
4900,1.0,1,1
7635,0.05,0,0
1783,0.2,0,1
8494,0.09,0,0
486,0.14,0,1
7574,0.21,0,1
6053,0.06,0,0
11978,0.17,0,1
791,0.14,0,1
5480,0.15,0,1
11291,0.04,0,0
5362,0.02,0,0
14171,0.12,0,1
7681,0.07,0,0
6301,0.14,0,1
5760,0.2,0,1
3572,0.1,0,1
94,0.07,0,0
2445,0.28,0,1
14213,0.05,0,0
3144,0.14,0,1
7947,0.1,0,1
9418,0.01,0,0
12306,0.21,0,1
6677,0.04,0,0
6041,0.08,0,0
6638,0.0,0,0
641,0.12,0,1
775,0.3,0,1
1001,0.08,0,0
4214,0.07,0,0
6226,0.1,0,1
3763,0.14,0,1
11689,0.05,0,0
13021,0.02,0,0
10851,0.08,0,0
1231,0.11,0,1
1217,0.06,0,0
11680,0.12,0,1
1250,0.13,0,1
13080,0.21,0,1
8391,0.2,0,1
6358,0.02,0,0
12573,0.08,0,0
3030,0.07,0,0
9608,0.09,0,0
14370,0.06,0,0
4115,0.1,0,1
7403,0.06,0,0
7542,0.24,0,1
1172,0.0,0,0
8971,0.05,0,0
11800,0.02,0,0
12735,0.12,0,1
1543,0.21,0,1
449,0.11,0,1
11715,0.17,0,1
2760,0.02,0,0
1129,0.03,0,0
3710,0.04,0,0
10621,0.08,0,0
13600,0.23,0,1
6354,0.0,0,0
6201,0.1,0,1
1425,0.06,0,0
12186,0.06,0,0
12802,0.04,0,0
11204,0.07,0,0
12475,0.06,0,0
5555,0.19,0,1
12317,0.24,0,1
2517,0.07,0,0
9691,0.01,0,0
11755,0.22,0,1
6025,0.02,0,0
11690,0.16,0,1
1856,0.26,0,1
10618,0.1,0,1
3079,0.14,0,1
5047,0.15,0,1
6748,0.01,0,0
10987,0.08,0,0
8184,0.12,0,1
8215,0.02,0,0
11561,0.18,0,1
3635,0.02,0,0
6669,0.12,0,1
952,0.09,0,0
6605,0.12,0,1
10865,0.01,0,0
11885,0.01,0,0
10363,0.03,0,0
11527,0.08,0,0
12566,0.1,0,1
13047,0.11,0,1
7886,0.02,0,0
3481,0.02,0,0
5877,0.06,0,0
7664,0.11,0,1
1094,0.13,0,1
4414,0.03,0,0
12431,0.04,0,0
10032,0.08,0,0
8808,0.09,0,0
5069,0.13,0,1
6044,0.14,0,1
1845,0.02,0,0
7287,0.17,0,1
10089,0.06,0,0
4358,0.01,0,0
11262,0.03,0,0
13529,0.02,0,0
10286,0.09,0,0
13901,0.03,0,0
3675,0.26,0,1
10202,0.16,0,1
7048,0.02,0,0
12886,0.19,0,1
14026,0.03,0,0
12520,0.17,0,1
8339,0.08,0,0
6111,0.07,0,0
8066,0.04,0,0
8634,0.3,0,1
12222,0.28,0,1
1520,0.12,0,1
11028,0.01,0,0
6886,0.05,0,0
1785,0.11,0,1
4769,0.22,0,1
13745,0.03,0,0
12275,0.05,0,0
12722,0.15,0,1
2515,0.03,0,0
14216,0.15,0,1
12649,0.01,0,0
1457,0.05,0,0
12224,0.03,0,0
2090,0.0,0,0
44,0.18,0,1
7563,0.08,0,0
8991,0.03,0,0
12478,0.05,0,0
927,0.15,0,1
3699,0.13,0,1
3299,0.17,0,1
4520,0.04,0,0
11278,0.02,0,0
11093,0.09,0,0
4753,0.0,0,0
3648,0.16,0,1
4563,0.39,0,1
12416,0.05,0,0
6474,0.05,0,0
7014,0.01,0,0
14395,0.09,0,0
4309,0.07,0,0
14577,0.02,0,0
3373,0.02,0,0
654,0.08,0,0
3176,0.1,0,1
4249,0.54,1,1
8011,0.15,0,1
6137,0.07,0,0
8451,0.09,0,0
146,0.01,0,0
230,0.75,1,1
12724,0.17,0,1
312,0.13,0,1
10218,0.2,0,1
6290,0.05,0,0
9629,0.11,0,1
6323,0.04,0,0
7532,0.23,0,1
2162,0.03,0,0
2351,0.02,0,0
9973,0.0,0,0
8625,0.1,0,1
9940,0.05,0,0
2272,0.06,0,0
3864,0.05,0,0
11671,0.01,0,0
5564,0.2,0,1
14044,0.17,0,1
9480,0.2,0,1
6003,0.08,0,0
7502,0.03,0,0
9757,0.17,0,1
280,0.03,0,0
7435,0.27,0,1
5214,0.1,0,1
2627,0.05,0,0
11139,0.16,0,1
9234,0.04,0,0
14559,0.17,0,1
5689,0.09,0,0
6155,0.05,0,0
3344,0.08,0,0
7412,0.09,0,0
14438,0.01,0,0
10495,0.03,0,0
3520,0.12,0,1
5975,0.02,0,0
7057,0.17,0,1
7786,0.14,0,1
8716,0.03,0,0
639,0.03,0,0
8314,0.02,0,0
4091,0.09,0,0
7133,0.07,0,0
9281,0.07,0,0
10139,0.08,0,0
6303,0.11,0,1
7056,0.06,0,0
4311,0.12,0,1
10807,0.09,0,0
1638,0.1,0,1
14262,0.06,0,0
11002,0.07,0,0
3857,0.12,0,1
5023,0.04,0,0
9913,0.22,0,1
14011,0.05,0,0
8580,0.06,0,0
13067,0.13,0,1
12720,0.11,0,1
10901,0.02,0,0
5653,0.08,0,0
4840,0.1,0,1
7611,0.05,0,0
6005,0.07,0,0
13208,0.08,0,0
2060,0.06,0,0
2459,0.07,0,0
10515,0.15,0,1
2617,0.02,0,0
9780,0.04,0,0
12041,0.06,0,0
12904,0.14,0,1
725,0.23,0,1
8223,0.02,0,0
11074,0.06,0,0
5997,0.02,0,0
10971,0.27,0,1
4445,0.01,0,0
14444,0.05,0,0
11232,0.03,0,0
556,0.07,0,0
371,0.07,0,0
8571,0.07,0,0
9145,0.25,0,1
11455,0.01,0,0
3048,0.02,0,0
12600,0.08,0,0
6871,0.1,0,1
8503,0.03,0,0
12008,0.18,0,1
7051,0.02,0,0
5573,0.13,0,1
3539,0.13,0,1
11066,0.11,0,1
4595,0.0,0,0
11411,0.08,0,0
4269,0.04,0,0
768,0.2,0,1
5443,0.04,0,0
2247,0.08,0,0
1952,0.11,0,1
2031,0.09,0,0
9344,0.05,0,0
7016,0.19,0,1
2535,0.0,0,0
13412,0.13,0,1
13082,0.17,0,1
9610,0.04,0,0
4565,0.02,0,0
12139,0.13,0,1
11650,0.05,0,0
14404,0.04,0,0
10209,0.03,0,0
2819,0.13,0,1
13484,0.12,0,1
3629,0.08,0,0
6411,0.2,0,1
2595,0.01,0,0
4734,0.03,0,0
11692,0.23,0,1
11068,0.1,0,1
5797,0.05,0,0
6792,0.21,0,1
5750,0.0,0,0
5357,0.07,0,0
2791,0.02,0,0
7470,0.05,0,0
11842,0.02,0,0
14127,0.05,0,0
1187,0.14,0,1
2267,0.01,0,0
7010,0.16,0,1
2841,0.16,0,1
6480,0.13,0,1
2729,0.19,0,1
7227,0.2,0,1
541,0.14,0,1
1191,0.11,0,1
6048,0.1,0,1
992,0.08,0,0
7298,0.05,0,0
1846,0.08,0,0
598,0.14,0,1
7442,0.16,0,1
2327,0.04,0,0
1746,0.14,0,1
665,0.05,0,0
379,0.01,0,0
10506,0.03,0,0
5125,0.22,0,1
4708,0.26,0,1
9300,0.1,0,1
10900,0.13,0,1
2669,0.04,0,0
11445,0.13,0,1
11234,0.08,0,0
11663,0.2,0,1
187,0.15,0,1
651,0.01,0,0
11512,0.15,0,1
7598,0.07,0,0
10783,0.05,0,0
4946,0.07,0,0
13110,0.06,0,0
9467,0.07,0,0
9333,0.01,0,0
2625,0.77,1,1
10850,0.03,0,0
181,0.07,0,0
9080,0.24,0,1
8175,0.08,0,0
10986,0.26,0,1
12480,0.07,0,0
8568,0.05,0,0
13963,0.03,0,0
7504,0.03,0,0
7046,0.0,0,0
4861,0.17,0,1
4954,0.08,0,0
7801,0.2,0,1
8732,0.11,0,1
4436,0.29,0,1
8894,0.07,0,0
10300,0.16,0,1
7364,0.06,0,0
10259,0.08,0,0
2730,0.11,0,1
10711,0.02,0,0
12903,0.15,0,1
7457,0.15,0,1
2084,0.07,0,0
11128,0.0,0,0
14407,0.02,0,0
4388,0.06,0,0
7043,0.01,0,0
1499,0.1,0,1
5094,0.1,0,1
8762,0.04,0,0
13716,0.21,0,1
4507,0.05,0,0
5018,0.13,0,1
7798,0.02,0,0
11519,0.11,0,1
9943,0.08,0,0
5105,0.06,0,0
4428,0.06,0,0
5164,0.01,0,0
7285,0.22,0,1
12211,0.39,0,1
1358,0.02,0,0
10141,0.08,0,0
509,0.09,0,0
4721,0.13,0,1
5438,0.07,0,0
7550,0.6,1,1
13508,0.14,0,1
2813,0.06,0,0
3899,0.45,0,1
14343,0.08,0,0
9095,0.05,0,0
1002,0.06,0,0
5030,0.11,0,1
13198,0.07,0,0
8221,0.08,0,0
13042,0.2,0,1
7223,0.04,0,0
6343,0.12,0,1
7809,0.07,0,0
14008,0.21,0,1
8992,0.02,0,0
6968,0.12,0,1
8302,0.15,0,1
11169,0.16,0,1
4688,0.02,0,0
457,0.14,0,1
1927,0.01,0,0
304,0.02,0,0
11176,0.01,0,0
3158,0.08,0,0
4794,0.08,0,0
13679,0.29,0,1
10243,0.12,0,1
4700,0.31,0,1
5002,0.04,0,0
823,0.17,0,1
9806,0.14,0,1
3485,0.07,0,0
6814,0.03,0,0
4231,0.32,0,1
634,0.1,0,1
12337,0.24,0,1
6821,0.03,0,0
733,0.14,0,1
265,0.1,0,1
12062,0.21,0,1
8313,0.09,0,0
13054,0.17,0,1
491,0.05,0,0
12147,0.05,0,0
6952,0.07,0,0
9086,0.03,0,0
6174,0.03,0,0
11067,0.04,0,0
14476,0.03,0,0
133,0.14,0,1
5111,0.06,0,0
6060,0.06,0,0
6616,0.12,0,1
11589,0.1,0,1
12406,0.07,0,0
12946,0.15,0,1
3775,0.04,0,0
1082,0.09,0,0
11849,0.1,0,1
2193,0.01,0,0
5579,0.03,0,0
2759,0.12,0,1
6012,0.1,0,1
454,0.01,0,0
2261,0.12,0,1
157,0.17,0,1
3277,0.2,0,1
8101,0.07,0,0
6655,0.04,0,0
5485,0.13,0,1
9406,0.16,0,1
16,0.01,0,0
5055,0.04,0,0
10739,0.07,0,0
6632,0.06,0,0
3291,0.15,0,1
608,0.12,0,1
12500,0.06,0,0
5873,0.09,0,0
1817,0.28,0,1
12705,0.03,0,0
9424,0.09,0,0
6499,0.11,0,1
2002,0.17,0,1
9462,0.17,0,1
7037,0.05,0,0
2916,0.14,0,1
11149,0.06,0,0
9465,0.07,0,0
4003,0.03,0,0
8240,0.03,0,0
380,0.03,0,0
2954,0.01,0,0
1060,0.15,0,1
4139,0.0,0,0
2746,0.06,0,0
14307,0.06,0,0
5957,0.05,0,0
8892,0.25,0,1
1379,0.28,0,1
366,0.15,0,1
12653,0.04,0,0
6912,0.03,0,0
10187,0.07,0,0
12470,0.17,0,1
9134,0.14,0,1
37,0.05,0,0
12976,0.04,0,0
6667,0.09,0,0
4413,0.03,0,0
930,0.07,0,0
1256,0.07,0,0
11323,0.2,0,1
11043,0.04,0,0
3411,0.14,0,1
9835,0.42,0,1
8305,0.1,0,1
9,0.17,0,1
14120,0.04,0,0
245,0.04,0,0
526,0.03,0,0
8132,0.2,0,1
9173,0.04,0,0
6756,0.01,0,0
8167,0.05,0,0
8387,0.11,0,1
9445,0.02,0,0
4730,0.2,0,1
6715,0.19,0,1
1794,0.06,0,0
10626,0.12,0,1
2641,0.08,0,0
1595,0.03,0,0
5619,0.04,0,0
8272,0.06,0,0
2943,0.03,0,0
6164,0.06,0,0
8465,0.04,0,0
1204,0.04,0,0
7294,0.07,0,0
8000,0.03,0,0
11166,0.04,0,0
12184,0.22,0,1
3586,0.1,0,1
13194,0.0,0,0
10895,0.06,0,0
12119,0.14,0,1
4030,0.02,0,0
1471,0.09,0,0
223,0.02,0,0
11762,0.2,0,1
1761,0.07,0,0
1603,0.05,0,0
11706,0.11,0,1
10538,0.12,0,1
4899,0.08,0,0
12394,0.08,0,0
1373,0.0,0,0
3420,0.06,0,0
14599,0.06,0,0
8707,0.09,0,0
1569,0.0,0,0
6986,0.19,0,1
11035,0.09,0,0
1597,0.15,0,1
5256,0.02,0,0
10973,0.07,0,0
760,0.05,0,0
5740,0.07,0,0
4114,0.07,0,0
11330,0.05,0,0
3998,0.06,0,0
13929,0.22,0,1
12187,0.11,0,1
10397,0.03,0,0
9098,0.09,0,0
11977,0.2,0,1
6357,0.12,0,1
10673,0.12,0,1
10068,0.1,0,1
1308,0.28,0,1
10657,0.0,0,0
1480,0.29,0,1
13493,0.05,0,0
8079,0.02,0,0
2883,0.09,0,0
2228,0.15,0,1
13878,0.0,0,0
5076,0.01,0,0
1581,0.05,0,0
1751,0.01,0,0
4672,0.1,0,1
1460,0.04,0,0
5389,0.05,0,0
7847,0.1,0,1
5174,0.0,0,0
7099,0.09,0,0
9676,0.17,0,1
14078,0.07,0,0
4026,0.04,0,0
8471,0.14,0,1
12586,0.26,0,1
13890,0.07,0,0
5584,0.02,0,0
2473,0.12,0,1
1292,0.1,0,1
13549,0.05,0,0
2004,0.07,0,0
5931,0.01,0,0
2606,0.44,0,1
6755,0.09,0,0
2241,0.0,0,0
4772,0.06,0,0
14418,0.11,0,1
5613,0.06,0,0
640,0.13,0,1
1915,0.03,0,0
1919,0.16,0,1
11227,0.06,0,0
11729,0.22,0,1
10059,0.0,0,0
1658,0.12,0,1
3601,0.07,0,0
3476,0.03,0,0
6381,0.02,0,0
2831,0.01,0,0
5609,0.1,0,1
176,0.12,0,1
14089,0.08,0,0
1764,0.04,0,0
12445,0.13,0,1
11889,0.04,0,0
9507,0.02,0,0
4643,0.05,0,0
14174,0.1,0,1
4583,0.09,0,0
7492,0.14,0,1
11682,0.04,0,0
8024,0.15,0,1
3980,0.11,0,1
2076,0.13,0,1
3660,0.14,0,1
4874,0.07,0,0
5571,0.09,0,0
4235,0.02,0,0
4908,0.09,0,0
772,0.07,0,0
10498,0.07,0,0
12109,0.07,0,0
11600,0.1,0,1
3879,0.11,0,1
3840,0.06,0,0
258,0.09,0,0
4972,0.06,0,0
9362,0.15,0,1
14315,0.07,0,0
6423,0.05,0,0
8090,0.03,0,0
10145,0.01,0,0
13178,0.03,0,0
5319,0.12,0,1
3538,0.02,0,0
3735,0.02,0,0
3256,0.07,0,0
3782,0.1,0,1
7251,0.05,0,0
11272,0.39,0,1
13069,0.11,0,1
1201,0.09,0,0
12006,0.04,0,0
14406,0.14,0,1
11828,0.06,0,0
5350,0.04,0,0
9805,0.11,0,1
11007,0.13,0,1
5124,0.08,0,0
12179,0.07,0,0
8613,0.09,0,0
9653,0.01,0,0
11876,0.11,0,1
14589,0.29,0,1
1875,0.09,0,0
8298,0.16,0,1
9361,0.03,0,0
8400,0.12,0,1
9648,0.15,0,1
6038,0.05,0,0
9664,0.17,0,1
3148,0.02,0,0
3035,0.02,0,0
12949,0.05,0,0
554,0.0,0,0
6896,0.19,0,1
14569,0.06,0,0
14486,0.09,0,0
10796,0.06,0,0
14160,0.05,0,0
4615,0.09,0,0
7519,0.04,0,0
6747,0.18,0,1
11669,0.05,0,0
12389,0.29,0,1
4813,0.0,0,0
8375,0.03,0,0
1982,0.12,0,1
976,0.03,0,0
4661,0.12,0,1
14326,0.01,0,0
2128,0.07,0,0
1921,0.47,0,1
2456,0.05,0,0
4301,0.1,0,1
12095,0.05,0,0
6145,0.11,0,1
2122,0.09,0,0
7154,0.01,0,0
8187,0.23,0,1
13514,0.01,0,0
7088,0.01,0,0
9279,0.1,0,1
7898,0.08,0,0
7186,0.09,0,0
9933,0.11,0,1
6422,0.26,0,1
5065,0.04,0,0
12354,0.03,0,0
610,0.02,0,0
4853,0.08,0,0
9394,0.15,0,1
6981,0.13,0,1
3147,0.07,0,0
1948,0.05,0,0
13834,0.16,0,1
9229,0.06,0,0
9073,0.02,0,0
8407,0.03,0,0
14148,0.24,0,1
1743,0.17,0,1
14024,0.12,0,1
9397,0.0,0,0
11925,0.14,0,1
13714,0.05,0,0
6664,0.01,0,0
4236,0.09,0,0
11515,0.05,0,0
9188,0.06,0,0
11748,0.1,0,1
3916,0.01,0,0
8269,0.04,0,0
11271,0.13,0,1
495,0.08,0,0
9499,0.0,0,0
10344,0.07,0,0
4617,0.03,0,0
11997,0.04,0,0
2105,0.14,0,1
13642,0.09,0,0
7674,0.0,0,0
4683,0.03,0,0
12103,0.06,0,0
1453,0.05,0,0
12032,0.01,0,0
11560,0.07,0,0
14217,0.12,0,1
9357,0.12,0,1
9563,0.01,0,0
3284,0.03,0,0
3025,0.14,0,1
11602,0.12,0,1
2805,0.1,0,1
4121,0.12,0,1
5875,0.06,0,0
1870,0.11,0,1
7776,0.25,0,1
13641,0.11,0,1
1070,0.15,0,1
7360,0.09,0,0
1911,0.08,0,0
6073,0.0,0,0
12229,0.1,0,1
119,0.06,0,0
12578,0.16,0,1
11570,0.17,0,1
4024,0.07,0,0
1387,0.02,0,0
9183,0.05,0,0
13274,0.16,0,1
12405,0.02,0,0
11652,0.16,0,1
3884,0.0,0,0
4138,0.11,0,1
12880,0.15,0,1
2783,0.0,0,0
9618,0.04,0,0
7448,0.04,0,0
13542,0.13,0,1
343,0.01,0,0
5682,0.04,0,0
3850,0.06,0,0
12690,0.03,0,0
4603,0.04,0,0
11299,0.25,0,1
1789,0.01,0,0
11356,0.13,0,1
188,0.08,0,0
1961,0.04,0,0
5283,0.08,0,0
3159,0.14,0,1
5814,0.08,0,0
14183,0.0,0,0
8065,0.42,0,1
10635,0.13,0,1
4174,0.01,0,0
1494,0.16,0,1
2417,0.01,0,0
9364,0.07,0,0
8923,0.0,0,0
14398,0.03,0,0
11024,0.06,0,0
9969,0.07,0,0
13095,0.15,0,1
6651,0.02,0,0
579,0.01,0,0
5193,0.11,0,1
9662,0.01,0,0
6919,0.04,0,0
8899,0.09,0,0
13793,0.02,0,0
10230,0.08,0,0
619,0.07,0,0
4578,0.03,0,0
10647,0.09,0,0
6710,0.03,0,0
13011,0.04,0,0
3350,0.01,0,0
9016,0.04,0,0
13347,0.0,0,0
7471,0.04,0,0
5341,0.02,0,0
2280,0.05,0,0
4258,0.01,0,0
7892,0.03,0,0
13239,0.1,0,1
5894,0.54,1,1
11138,0.04,0,0
14275,0.11,0,1
3795,0.06,0,0
12481,0.03,0,0
10280,0.04,0,0
12288,0.18,0,1
1984,0.08,0,0
1933,0.05,0,0
2690,0.09,0,0
6908,0.12,0,1
5563,0.04,0,0
12116,0.03,0,0
13892,0.12,0,1
8965,0.04,0,0
3725,0.11,0,1
14064,0.01,0,0
9419,0.06,0,0
14146,0.02,0,0
5472,0.03,0,0
14564,0.01,0,0
8607,0.12,0,1
2869,0.18,0,1
1894,0.06,0,0
1654,0.0,0,0
10432,0.09,0,0
6700,0.05,0,0
3569,0.28,0,1
1347,0.22,0,1
9048,0.14,0,1
10513,0.09,0,0
832,0.05,0,0
4197,0.03,0,0
4525,0.06,0,0
3471,0.11,0,1
3460,0.12,0,1
536,0.08,0,0
11898,0.11,0,1
126,0.01,0,0
8416,0.16,0,1
11496,0.08,0,0
1238,0.22,0,1
9108,0.07,0,0
8201,0.06,0,0
14241,0.01,0,0
12554,0.13,0,1
8998,0.06,0,0
11694,0.08,0,0
9801,0.19,0,1
5304,0.05,0,0
1270,0.07,0,0
13786,0.05,0,0
6256,0.15,0,1
8920,0.11,0,1
14600,0.26,0,1
8171,0.17,0,1
12444,0.06,0,0
5833,0.07,0,0
3380,0.12,0,1
5481,0.03,0,0
2999,0.07,0,0
3807,0.19,0,1
14306,0.01,0,0
7170,0.11,0,1
664,0.19,0,1
722,0.05,0,0
7682,0.06,0,0
13711,0.09,0,0
12262,0.09,0,0
5943,0.12,0,1
5396,0.06,0,0
13622,0.07,0,0
8909,0.07,0,0
12197,0.01,0,0
7044,0.13,0,1
10331,0.13,0,1
6888,0.19,0,1
13403,0.05,0,0
13405,0.04,0,0
9612,0.04,0,0
12970,0.06,0,0
3267,0.09,0,0
9713,0.13,0,1
14151,0.07,0,0
12359,0.04,0,0
13440,0.27,0,1
10644,0.21,0,1
9430,0.49,0,1
3657,0.08,0,0
808,0.06,0,0
14221,0.53,1,1
6539,0.02,0,0
3161,0.03,0,0
2898,0.06,0,0
4795,0.02,0,0
10601,0.11,0,1
6018,0.07,0,0
7328,0.09,0,0
11787,0.07,0,0
12102,0.02,0,0
3488,0.08,0,0
13363,0.14,0,1
3353,0.05,0,0
7745,0.01,0,0
164,0.09,0,0
5766,0.01,0,0
121,0.03,0,0
9176,0.0,0,0
13167,0.07,0,0
1103,0.12,0,1
6940,0.11,0,1
2118,0.13,0,1
9646,0.12,0,1
11839,0.76,1,1
7539,0.2,0,1
2525,0.02,0,0
4022,0.21,0,1
8012,0.06,0,0
5647,0.08,0,0
12477,0.15,0,1
2767,0.33,0,1
4974,0.09,0,0
1969,0.16,0,1
9939,0.05,0,0
3093,0.13,0,1
1741,0.14,0,1
296,0.07,0,0
6935,0.15,0,1
4706,0.09,0,0
1844,0.12,0,1
11616,0.06,0,0
7554,0.12,0,1
7825,0.02,0,0
3833,0.01,0,0
3368,0.06,0,0
12066,0.1,0,1
3701,0.07,0,0
3930,0.08,0,0
7617,0.0,0,0
4942,0.07,0,0
8640,0.09,0,0
13869,0.07,0,0
10885,0.08,0,0
9649,0.03,0,0
3948,0.37,0,1
12546,0.19,0,1
925,0.05,0,0
5235,0.05,0,0
1297,0.1,0,1
7277,0.06,0,0
6768,0.15,0,1
7027,0.86,1,1
6966,0.05,0,0
7680,0.06,0,0
14076,0.08,0,0
8027,0.06,0,0
332,0.04,0,0
7810,0.03,0,0
13516,0.0,0,0
8017,0.31,0,1
12937,0.07,0,0
4006,0.06,0,0
10385,0.05,0,0
103,0.05,0,0
3923,0.35,0,1
9623,0.04,0,0
10725,0.14,0,1
10069,0.06,0,0
6856,0.04,0,0
9562,0.06,0,0
1796,0.12,0,1
11414,0.04,0,0
2503,0.04,0,0
3064,0.0,0,0
12402,0.14,0,1
8790,0.06,0,0
6158,0.08,0,0
220,0.07,0,0
12233,0.05,0,0
11832,0.04,0,0
6024,0.01,0,0
4574,0.19,0,1
4056,0.04,0,0
4172,0.11,0,1
7305,0.06,0,0
9627,0.04,0,0
2397,0.0,0,0
2444,0.07,0,0
6062,0.05,0,0
9550,0.08,0,0
7238,0.05,0,0
8173,0.01,0,0
13254,0.17,0,1
11331,0.27,0,1
2619,0.08,0,0
1121,0.04,0,0
2365,0.04,0,0
6022,0.05,0,0
7693,0.04,0,0
253,0.11,0,1
9063,0.16,0,1
1580,0.07,0,0
9395,0.1,0,1
7757,0.05,0,0
7122,0.06,0,0
138,0.04,0,0
5455,0.11,0,1
13395,0.17,0,1
11309,0.06,0,0
3223,0.08,0,0
6701,0.06,0,0
13949,0.26,0,1
2861,0.05,0,0
14065,0.07,0,0
4027,0.18,0,1
9605,0.14,0,1
8570,0.04,0,0
9249,0.08,0,0
4255,0.07,0,0
1236,0.14,0,1
11535,0.01,0,0
10416,0.01,0,0
1424,0.09,0,0
8487,0.02,0,0
3019,0.11,0,1
12997,0.1,0,1
4894,0.01,0,0
10293,0.17,0,1
3265,0.15,0,1
3132,0.1,0,1
10528,0.05,0,0
13209,0.0,0,0
1069,0.07,0,0
9944,0.09,0,0
10342,0.06,0,0
9865,0.03,0,0
6378,0.05,0,0
7975,0.19,0,1
8462,0.09,0,0
11406,0.0,0,0
12799,0.01,0,0
6487,0.05,0,0
1628,0.05,0,0
8117,0.08,0,0
3188,0.01,0,0
8228,0.09,0,0
9453,0.11,0,1
10458,0.06,0,0
6692,0.02,0,0
7038,0.06,0,0
12461,0.11,0,1
8712,0.08,0,0
6277,0.07,0,0
5608,0.24,0,1
2284,0.11,0,1
5212,0.02,0,0
10296,0.29,0,1
5961,0.01,0,0
3214,0.04,0,0
12308,0.02,0,0
7887,0.08,0,0
13653,0.28,0,1
4425,0.05,0,0
13453,0.07,0,0
9172,0.03,0,0
763,0.06,0,0
3908,0.05,0,0
6698,0.04,0,0
6134,0.1,0,1
1156,0.14,0,1
3600,0.16,0,1
3851,0.01,0,0
4221,0.0,0,0
12514,0.14,0,1
9875,0.01,0,0
6511,0.09,0,0
2569,0.15,0,1
14106,0.01,0,0
9244,0.08,0,0
9793,0.05,0,0
10015,0.02,0,0
3974,0.05,0,0
8812,0.07,0,0
9069,0.05,0,0
6367,0.04,0,0
13951,0.14,0,1
8483,0.06,0,0
5502,0.09,0,0
6973,0.03,0,0
13044,0.08,0,0
2560,0.06,0,0
12094,0.01,0,0
3359,0.25,0,1
9708,0.06,0,0
5712,0.07,0,0
4582,0.21,0,1
3991,0.1,0,1
10328,0.07,0,0
206,0.05,0,0
7572,0.01,0,0
14102,0.05,0,0
11053,0.15,0,1
6458,0.04,0,0
6721,0.06,0,0
11266,0.03,0,0
10082,0.15,0,1
14482,0.09,0,0
1872,0.08,0,0
13007,0.05,0,0
8231,0.05,0,0
10715,0.16,0,1
11065,0.06,0,0
14231,0.06,0,0
8264,0.08,0,0
713,0.05,0,0
1282,0.04,0,0
11679,0.02,0,0
7314,0.15,0,1
565,0.24,0,1
7834,0.18,0,1
7709,0.15,0,1
3412,0.12,0,1
4288,0.01,0,0
1753,0.18,0,1
4411,0.12,0,1
9508,0.09,0,0
13899,0.07,0,0
3239,0.17,0,1
5243,0.01,0,0
12752,0.16,0,1
5547,0.08,0,0
5603,0.05,0,0
4546,0.04,0,0
11824,0.05,0,0
10964,0.05,0,0
356,0.08,0,0
7401,0.27,0,1
14225,0.05,0,0
7984,0.06,0,0
5488,0.18,0,1
12423,0.07,0,0
1567,0.0,0,0
10749,0.08,0,0
6839,0.17,0,1
402,0.04,0,0
4944,0.07,0,0
6183,0.05,0,0
5923,0.05,0,0
13605,0.16,0,1
1476,0.07,0,0
6533,0.11,0,1
13888,0.11,0,1
8818,0.35,0,1
14505,0.03,0,0
5559,0.06,0,0
2007,0.02,0,0
7667,0.15,0,1
12266,0.04,0,0
7041,0.1,0,1
476,0.07,0,0
13974,0.08,0,0
11566,0.04,0,0
11720,0.23,0,1
11202,0.05,0,0
4484,0.07,0,0
10847,0.05,0,0
4951,0.19,0,1
5073,0.03,0,0
11775,0.03,0,0
5013,0.18,0,1
9992,0.08,0,0
5540,0.11,0,1
6711,0.15,0,1
7690,0.03,0,0
8614,0.15,0,1
2192,0.14,0,1
5644,0.22,0,1
3076,0.02,0,0
11821,0.16,0,1
13930,0.04,0,0
18,0.02,0,0
11417,0.08,0,0
10099,0.11,0,1
8350,0.06,0,0
8671,0.05,0,0
11015,0.08,0,0
11045,0.14,0,1
7291,0.05,0,0
6541,0.09,0,0
530,0.13,0,1
335,0.17,0,1
5634,0.04,0,0
13335,0.04,0,0
13204,0.02,0,0
4719,0.04,0,0
13898,0.04,0,0
6762,0.02,0,0
11377,0.1,0,1
11237,0.11,0,1
9503,0.09,0,0
3856,0.04,0,0
3055,0.54,1,1
879,0.11,0,1
4558,0.04,0,0
11034,0.08,0,0
1819,0.16,0,1
4576,0.03,0,0
2141,0.02,0,0
9269,0.17,0,1
5406,0.12,0,1
9995,0.15,0,1
7167,0.11,0,1
4726,0.14,0,1
11627,0.21,0,1
8430,0.27,0,1
11480,0.11,0,1
5286,0.31,0,1
14481,0.07,0,0
13285,0.03,0,0
7912,0.04,0,0
4624,0.11,0,1
11459,0.06,0,0
8932,0.13,0,1
1726,0.08,0,0
9226,0.16,0,1
9815,0.14,0,1
3151,0.08,0,0
5078,0.06,0,0
6390,0.28,0,1
443,0.09,0,0
11756,0.34,0,1
2364,0.09,0,0
8630,0.16,0,1
14113,0.0,0,0
8260,0.07,0,0
4628,0.07,0,0
10190,0.13,0,1
6207,0.17,0,1
5155,0.04,0,0
9607,0.04,0,0
4999,0.11,0,1
12870,0.05,0,0
3382,0.1,0,1
11545,0.12,0,1
13191,0.19,0,1
6918,0.09,0,0
597,0.1,0,1
671,0.04,0,0
11963,0.06,0,0
13077,0.08,0,0
2227,0.11,0,1
1312,0.0,0,0
4967,0.19,0,1
4651,0.05,0,0
11284,0.39,0,1
2143,0.08,0,0
12390,0.06,0,0
13649,0.11,0,1
2553,0.11,0,1
5989,0.03,0,0
3146,0.05,0,0
2687,0.03,0,0
534,0.04,0,0
4676,0.07,0,0
4841,0.07,0,0
5857,0.11,0,1
7074,0.08,0,0
10462,0.08,0,0
6866,0.05,0,0
10340,0.19,0,1
11746,0.06,0,0
257,0.06,0,0
398,0.05,0,0
4103,0.19,0,1
9866,0.04,0,0
11809,0.08,0,0
10161,0.04,0,0
11452,0.05,0,0
10272,0.04,0,0
12698,0.06,0,0
4685,0.05,0,0
4142,0.06,0,0
13148,0.08,0,0
2491,0.14,0,1
3714,0.21,0,1
12504,0.12,0,1
1047,0.05,0,0
6707,0.09,0,0
11294,0.09,0,0
2749,0.1,0,1
13903,0.05,0,0
12731,0.08,0,0
11857,0.14,0,1
2200,0.11,0,1
4209,0.08,0,0
9194,0.03,0,0
2702,0.0,0,0
10704,0.04,0,0
10782,0.09,0,0
4770,0.1,0,1
11499,0.05,0,0
13258,0.07,0,0
7814,0.02,0,0
11484,0.0,0,0
12924,0.16,0,1
12105,0.11,0,1
1683,0.1,0,1
3514,0.27,0,1
12325,0.07,0,0
8148,0.07,0,0
12506,0.03,0,0
4429,0.22,0,1
9156,0.06,0,0
6450,0.08,0,0
4346,0.27,0,1
14005,0.3,0,1
752,0.04,0,0
12819,0.07,0,0
1095,0.12,0,1
3909,0.12,0,1
10177,0.31,0,1
13897,0.13,0,1
10114,0.19,0,1
4066,0.09,0,0
7755,0.03,0,0
12525,0.17,0,1
11597,0.04,0,0
507,0.06,0,0
8077,0.04,0,0
4345,0.21,0,1
3636,0.07,0,0
8409,0.05,0,0
692,0.04,0,0
8624,0.03,0,0
11196,0.04,0,0
11369,0.05,0,0
4159,0.02,0,0
6997,0.01,0,0
3719,0.08,0,0
13074,0.0,0,0
7348,0.04,0,0
4799,0.04,0,0
1514,0.08,0,0
7808,0.15,0,1
10421,0.15,0,1
9185,0.0,0,0
4627,0.02,0,0
10731,0.04,0,0
14229,0.01,0,0
3013,0.06,0,0
4936,0.05,0,0
6736,0.18,0,1
5206,0.1,0,1
11556,0.09,0,0
7402,0.11,0,1
7884,0.19,0,1
812,0.21,0,1
13882,0.17,0,1
2454,0.08,0,0
9390,0.16,0,1
3667,0.05,0,0
9118,0.23,0,1
4123,0.14,0,1
4919,0.08,0,0
6148,0.05,0,0
11588,0.2,0,1
334,0.08,0,0
2994,0.1,0,1
14250,0.0,0,0
3638,0.07,0,0
12669,0.15,0,1
7475,0.08,0,0
8370,0.03,0,0
7025,0.03,0,0
10080,0.15,0,1
2952,0.06,0,0
6389,0.02,0,0
9253,0.1,0,1
8764,0.05,0,0
396,0.3,0,1
3872,0.11,0,1
8602,0.1,0,1
12855,0.07,0,0
9059,0.11,0,1
5702,0.21,0,1
3023,0.06,0,0
13170,0.1,0,1
12451,0.0,0,0
7071,0.08,0,0
12293,0.1,0,1
2395,0.01,0,0
7420,0.15,0,1
1120,0.02,0,0
3474,0.04,0,0
12846,0.27,0,1
6549,0.12,0,1
6052,0.1,0,1
12823,0.1,0,1
5232,0.09,0,0
6446,0.03,0,0
12710,0.05,0,0
2021,0.01,0,0
7329,0.12,0,1
7079,0.02,0,0
3761,0.03,0,0
10292,0.04,0,0
8355,0.06,0,0
6221,0.03,0,0
5527,0.08,0,0
12368,0.01,0,0
12161,0.06,0,0
6459,0.05,0,0
11468,0.06,0,0
4462,0.13,0,1
10598,0.08,0,0
6502,0.15,0,1
10802,0.05,0,0
13355,0.01,0,0
5728,0.01,0,0
12793,0.23,0,1
1540,0.05,0,0
12331,0.02,0,0
10061,0.0,0,0
274,0.03,0,0
10004,0.12,0,1
125,0.08,0,0
13838,0.23,0,1
7216,0.05,0,0
4293,0.64,1,1
4431,0.06,0,0
2436,0.04,0,0
3051,0.26,0,1
11513,0.11,0,1
4659,0.02,0,0
13482,0.04,0,0
4519,0.08,0,0
10719,0.01,0,0
6863,0.17,0,1
3880,0.1,0,1
13297,0.05,0,0
10628,0.07,0,0
10663,0.2,0,1
4991,0.15,0,1
624,0.08,0,0
6876,0.02,0,0
14351,0.04,0,0
4350,0.1,0,1
5915,0.01,0,0
11380,0.15,0,1
10431,0.13,0,1
8847,0.04,0,0
2177,0.02,0,0
1346,0.04,0,0
2164,0.16,0,1
1509,0.04,0,0
6505,0.03,0,0
6633,0.04,0,0
6443,0.09,0,0
439,0.23,0,1
11283,0.05,0,0
3038,0.03,0,0
2551,0.08,0,0
5607,0.04,0,0
14578,0.14,0,1
4384,0.08,0,0
6628,0.04,0,0
275,0.07,0,0
13225,0.06,0,0
865,0.02,0,0
8710,0.0,0,0
5911,0.05,0,0
11906,0.06,0,0
13574,0.11,0,1
6491,0.0,0,0
10839,0.08,0,0
9175,0.06,0,0
9772,0.01,0,0
14227,0.09,0,0
2064,0.0,0,0
11405,0.06,0,0
10855,0.09,0,0
837,0.12,0,1
2519,0.03,0,0
6275,0.14,0,1
13728,0.06,0,0
7603,0.09,0,0
7003,0.4,0,1
10524,0.16,0,1
381,0.28,0,1
8386,0.19,0,1
11225,0.09,0,0
10752,0.12,0,1
6304,0.09,0,0
9343,0.19,0,1
1043,0.27,0,1
7219,0.27,0,1
10176,0.09,0,0
2185,0.13,0,1
5474,0.05,0,0
12989,0.14,0,1
10236,0.03,0,0
6837,0.03,0,0
12686,0.01,0,0
4502,0.05,0,0
7568,0.02,0,0
2915,0.02,0,0
12638,0.2,0,1
14210,0.04,0,0
6291,0.03,0,0
13676,0.09,0,0
9105,0.02,0,0
13020,0.02,0,0
2865,0.02,0,0
955,0.03,0,0
11910,0.06,0,0
2860,0.05,0,0
1854,0.02,0,0
9528,0.32,0,1
11224,0.5,1,1
12512,0.17,0,1
6753,0.05,0,0
2153,0.16,0,1
10313,0.07,0,0
8233,0.03,0,0
4747,0.03,0,0
5095,0.15,0,1
12800,0.06,0,0
1829,0.13,0,1
10566,0.02,0,0
11890,0.07,0,0
7624,0.02,0,0
3683,0.04,0,0
983,0.05,0,0
1868,0.04,0,0
10166,0.02,0,0
8182,0.05,0,0
7537,0.04,0,0
3681,0.02,0,0
2101,0.16,0,1
5338,0.13,0,1
14240,0.06,0,0
10726,0.02,0,0
3671,0.01,0,0
9879,0.02,0,0
10171,0.01,0,0
7989,0.02,0,0
7506,0.02,0,0
150,0.11,0,1
11161,0.03,0,0
10354,0.06,0,0
8464,0.09,0,0
6317,0.03,0,0
5773,0.07,0,0
13149,0.08,0,0
8023,0.01,0,0
6964,0.26,0,1
10267,0.04,0,0
6525,0.17,0,1
9856,0.05,0,0
256,0.06,0,0
1760,0.03,0,0
6674,0.09,0,0
8737,0.07,0,0
11407,0.03,0,0
7587,0.01,0,0
13311,0.13,0,1
6737,0.21,0,1
10544,0.18,0,1
5636,0.11,0,1
14,0.06,0,0
13993,0.07,0,0
8112,0.12,0,1
9488,0.04,0,0
1772,0.24,0,1
8256,0.01,0,0
14440,0.22,0,1
9258,0.07,0,0
7580,0.1,0,1
9617,0.07,0,0
2232,0.0,0,0
9704,0.07,0,0
8482,0.05,0,0
4608,0.1,0,1
532,0.01,0,0
13853,0.08,0,0
5807,0.02,0,0
10840,0.15,0,1
660,0.05,0,0
6798,0.01,0,0
14543,0.04,0,0
12160,0.1,0,1
7053,0.1,0,1
2585,0.09,0,0
14385,0.08,0,0
834,0.11,0,1
7157,0.08,0,0
2630,0.1,0,1
5091,0.0,0,0
13408,0.12,0,1
8706,0.19,0,1
6402,0.03,0,0
11329,0.1,0,1
2572,0.07,0,0
14141,0.02,0,0
8283,0.15,0,1
8537,0.31,0,1
10985,0.11,0,1
14593,0.03,0,0
378,0.07,0,0
6916,0.08,0,0
13802,0.07,0,0
5632,0.08,0,0
6807,0.02,0,0
8130,0.03,0,0
13643,0.1,0,1
5033,0.09,0,0
9918,0.1,0,1
5905,0.09,0,0
12922,0.08,0,0
10672,0.09,0,0
538,0.05,0,0
6328,0.08,0,0
8078,0.1,0,1
12674,0.18,0,1
4018,0.02,0,0
12237,0.06,0,0
11039,0.3,0,1
4687,0.14,0,1
2799,0.1,0,1
4290,0.02,0,0
2082,0.02,0,0
9233,0.17,0,1
6649,0.08,0,0
12835,0.14,0,1
5218,0.18,0,1
2528,0.05,0,0
8466,0.06,0,0
7115,0.05,0,0
2980,0.08,0,0
1756,0.08,0,0
4832,0.09,0,0
11822,0.17,0,1
9331,0.09,0,0
10668,0.02,0,0
10262,0.06,0,0
2917,0.05,0,0
11060,0.17,0,1
12332,0.15,0,1
9459,0.06,0,0
11055,0.0,0,0
1008,0.1,0,1
8357,0.1,0,1
11376,0.15,0,1
2483,0.05,0,0
12341,0.04,0,0
14601,0.1,0,1
9975,0.03,0,0
6920,0.06,0,0
5254,0.1,0,1
2509,0.02,0,0
9526,0.04,0,0
1302,0.04,0,0
7106,0.09,0,0
11965,0.07,0,0
7068,0.2,0,1
1652,0.13,0,1
5934,0.0,0,0
11332,0.02,0,0
12897,0.14,0,1
14068,0.19,0,1
6808,0.12,0,1
2777,0.1,0,1
6789,0.29,0,1
4410,0.06,0,0
10054,0.17,0,1
9565,0.13,0,1
237,0.01,0,0
4629,0.27,0,1
6939,0.09,0,0
10314,0.0,0,0
3558,0.13,0,1
4654,0.05,0,0
6162,0.0,0,0
6030,0.03,0,0
12376,0.03,0,0
14322,0.12,0,1
10708,0.13,0,1
7019,0.04,0,0
5464,0.03,0,0
7729,0.3,0,1
12047,0.0,0,0
13441,0.02,0,0
13540,0.09,0,0
14056,0.11,0,1
14066,0.14,0,1
12321,0.06,0,0
14150,0.06,0,0
477,0.09,0,0
11316,0.12,0,1
7145,0.06,0,0
6846,0.03,0,0
2875,0.39,0,1
12231,0.16,0,1
7229,0.31,0,1
5397,0.08,0,0
14304,0.0,0,0
14531,0.14,0,1
9665,0.12,0,1
9163,0.08,0,0
14130,0.02,0,0
7224,0.01,0,0
10098,0.26,0,1
1143,0.06,0,0
9914,0.0,0,0
1338,0.25,0,1
574,0.07,0,0
11945,0.06,0,0
12142,0.05,0,0
3784,0.64,1,1
14123,0.01,0,0
6346,0.11,0,1
12182,0.04,0,0
83,0.04,0,0
9506,0.09,0,0
14542,0.17,0,1
7536,0.04,0,0
982,0.11,0,1
13033,0.07,0,0
14081,0.08,0,0
5970,0.12,0,1
11880,0.04,0,0
1083,0.09,0,0
8340,0.17,0,1
9521,0.05,0,0
2457,0.05,0,0
8936,0.03,0,0
1559,0.06,0,0
10206,0.34,0,1
8848,0.09,0,0
4247,0.04,0,0
2017,0.1,0,1
10022,0.21,0,1
4834,0.25,0,1
12373,0.09,0,0
724,0.05,0,0
11162,0.03,0,0
1259,0.02,0,0
8214,0.13,0,1
7419,0.04,0,0
3697,0.0,0,0
14575,0.05,0,0
3125,0.16,0,1
5622,0.07,0,0
2778,0.12,0,1
4129,0.09,0,0
9085,0.02,0,0
6647,0.01,0,0
12523,0.01,0,0
11525,0.02,0,0
1454,0.2,0,1
10128,0.16,0,1
10927,0.09,0,0
2113,0.14,0,1
6236,0.05,0,0
9053,0.11,0,1
6396,0.07,0,0
6279,0.06,0,0
7722,0.02,0,0
1173,0.16,0,1
4250,0.09,0,0
9485,0.02,0,0
6297,0.07,0,0
2213,0.03,0,0
11201,0.18,0,1
5173,0.02,0,0
12044,0.11,0,1
7520,0.04,0,0
11036,0.02,0,0
14021,0.16,0,1
4422,0.02,0,0
1279,0.05,0,0
7330,0.14,0,1
2873,0.02,0,0
9567,0.04,0,0
6413,0.12,0,1
6220,0.05,0,0
4265,0.01,0,0
10476,0.03,0,0
1994,0.15,0,1
13373,0.13,0,1
4029,0.12,0,1
7602,0.04,0,0
8584,0.0,0,0
2590,0.24,0,1
644,0.16,0,1
13581,0.01,0,0
5842,0.1,0,1
600,0.06,0,0
3505,0.16,0,1
14057,0.08,0,0
6433,0.08,0,0
4336,0.09,0,0
9962,0.05,0,0
7787,0.05,0,0
6139,0.06,0,0
4711,0.07,0,0
3234,0.07,0,0
1869,0.18,0,1
5656,0.08,0,0
1529,0.04,0,0
1240,0.11,0,1
4041,0.04,0,0
637,0.1,0,1
5922,0.07,0,0
11968,0.14,0,1
7247,0.08,0,0
8654,0.06,0,0
11180,0.23,0,1
7129,0.07,0,0
8474,0.25,0,1
3002,0.19,0,1
39,0.02,0,0
8701,0.13,0,1
3780,0.11,0,1
6597,0.02,0,0
5165,0.05,0,0
6877,0.1,0,1
8421,0.1,0,1
9613,0.04,0,0
9179,0.04,0,0
2152,0.05,0,0
8220,0.1,0,1
5375,0.03,0,0
5354,0.09,0,0
7440,0.1,0,1
10085,0.01,0,0
12456,0.07,0,0
2180,0.0,0,0
14211,0.1,0,1
4273,0.31,0,1
9890,0.08,0,0
581,0.19,0,1
1090,0.16,0,1
1467,0.04,0,0
192,0.15,0,1
12141,0.2,0,1
10358,0.1,0,1
8638,0.0,0,0
7793,0.04,0,0
8733,0.22,0,1
10596,0.06,0,0
11304,0.11,0,1
2584,0.04,0,0
6901,0.13,0,1
9447,0.26,0,1
345,0.02,0,0
11672,0.06,0,0
4168,0.05,0,0
6960,0.14,0,1
6757,0.08,0,0
14292,0.07,0,0
10346,0.05,0,0
1085,0.08,0,0
11436,0.02,0,0
11923,0.22,0,1
12971,0.0,0,0
12526,0.06,0,0
12098,0.05,0,0
12145,0.1,0,1
3755,0.06,0,0
10181,0.05,0,0
6733,0.22,0,1
4606,0.06,0,0
13900,0.2,0,1
13500,0.03,0,0
13384,0.03,0,0
14389,0.04,0,0
5365,0.01,0,0
9836,0.04,0,0
3099,0.03,0,0
5939,0.08,0,0
9591,0.18,0,1
1624,0.11,0,1
294,0.05,0,0
6377,0.09,0,0
9844,0.0,0,0
7648,0.28,0,1
8775,0.12,0,1
7924,0.08,0,0
8914,0.01,0,0
6503,0.07,0,0
13428,0.15,0,1
11485,0.08,0,0
11226,0.1,0,1
10828,0.05,0,0
4773,0.01,0,0
10454,0.77,1,1
4808,0.1,0,1
6853,0.11,0,1
13987,0.05,0,0
7065,0.06,0,0
1414,0.01,0,0
9904,0.05,0,0
7112,0.15,0,1
2513,0.18,0,1
12978,0.03,0,0
8124,0.0,0,0
11009,0.0,0,0
8014,0.15,0,1
1067,0.09,0,0
11586,0.16,0,1
5168,0.22,0,1
9553,0.16,0,1
6840,0.22,0,1
5806,0.13,0,1
9296,0.27,0,1
8445,0.06,0,0
9368,0.09,0,0
1275,0.06,0,0
6105,0.1,0,1
2249,0.06,0,0
13927,0.1,0,1
9219,0.1,0,1
10023,0.04,0,0
10508,0.12,0,1
5352,0.11,0,1
8718,0.06,0,0
5475,0.14,0,1
3369,0.2,0,1
8481,0.02,0,0
190,0.07,0,0
11673,0.07,0,0
9245,0.16,0,1
10408,0.1,0,1
1402,0.13,0,1
4678,0.02,0,0
8612,0.05,0,0
9666,0.16,0,1
7749,0.07,0,0
11567,0.09,0,0
4392,0.03,0,0
42,0.03,0,0
6740,0.11,0,1
7967,0.11,0,1
3305,0.49,0,1
2334,0.02,0,0
11492,0.07,0,0
487,0.12,0,1
3269,0.0,0,0
2600,0.05,0,0
7439,0.15,0,1
11243,0.22,0,1
3358,0.0,0,0
6823,0.02,0,0
12471,0.14,0,1
6585,0.1,0,1
6577,0.19,0,1
5191,0.11,0,1
10720,0.17,0,1
12296,0.03,0,0
3641,0.21,0,1
9785,0.11,0,1
4399,0.06,0,0
7256,0.12,0,1
9196,0.04,0,0
2472,0.06,0,0
13092,0.05,0,0
11984,0.09,0,0
11946,0.25,0,1
4800,0.06,0,0
12865,0.07,0,0
338,0.15,0,1
5495,0.13,0,1
13668,0.04,0,0
4070,0.16,0,1
5693,0.0,0,0
4391,0.01,0,0
13057,0.1,0,1
2052,0.11,0,1
12756,0.03,0,0
6501,0.04,0,0
10926,0.0,0,0
3709,0.06,0,0
10776,0.03,0,0
7476,0.1,0,1
12260,0.06,0,0
14075,0.06,0,0
13966,0.15,0,1
14460,0.11,0,1
6864,0.05,0,0
5687,0.11,0,1
2919,0.05,0,0
4025,0.04,0,0
5704,0.14,0,1
5424,0.01,0,0
3341,0.09,0,0
8601,0.3,0,1
2421,0.03,0,0
12564,0.11,0,1
4742,0.04,0,0
14555,0.1,0,1
2168,0.01,0,0
13555,0.08,0,0
4149,0.17,0,1
5356,0.17,0,1
1573,0.17,0,1
1593,0.02,0,0
5844,0.01,0,0
2379,0.14,0,1
9212,0.02,0,0
10933,0.69,1,1
11208,0.16,0,1
12704,0.02,0,0
6676,0.02,0,0
5640,0.1,0,1
9119,0.07,0,0
12919,0.1,0,1
9640,0.09,0,0
7894,0.01,0,0
1466,0.11,0,1
10610,0.08,0,0
7799,0.05,0,0
6224,0.03,0,0
369,0.06,0,0
1376,0.02,0,0
11846,0.1,0,1
6080,0.02,0,0
11835,0.23,0,1
2270,0.1,0,1
6455,0.25,0,1
11648,0.12,0,1
2070,0.04,0,0
3595,0.04,0,0
1516,0.11,0,1
7711,0.01,0,0
11050,0.07,0,0
2828,0.06,0,0
7072,0.04,0,0
12441,0.14,0,1
7123,0.12,0,1
6617,0.19,0,1
14345,0.29,0,1
11936,0.06,0,0
6152,0.03,0,0
1242,0.01,0,0
11410,0.1,0,1
6879,0.02,0,0
6327,0.02,0,0
6260,0.1,0,1
11797,0.03,0,0
5133,0.09,0,0
8432,0.03,0,0
2697,0.96,1,1
13957,0.21,0,1
14445,0.18,0,1
13165,0.01,0,0
14287,0.22,0,1
13400,0.16,0,1
12763,0.11,0,1
989,0.09,0,0
4898,0.26,0,1
7077,0.05,0,0
4220,0.1,0,1
13235,0.04,0,0
1556,0.11,0,1
11155,0.03,0,0
1665,0.07,0,0
2157,0.03,0,0
2464,0.1,0,1
10317,0.01,0,0
12815,0.08,0,0
8843,0.14,0,1
14154,0.04,0,0
1811,0.05,0,0
2984,0.04,0,0
13184,0.17,0,1
8870,0.12,0,1
3459,0.06,0,0
10878,0.06,0,0
7634,0.64,1,1
5543,0.06,0,0
9535,0.04,0,0
13358,0.04,0,0
5082,0.16,0,1
8076,0.25,0,1
4580,0.08,0,0
9765,0.05,0,0
1501,0.21,0,1
9028,0.04,0,0
2175,0.07,0,0
2876,0.06,0,0
4842,0.03,0,0
13192,0.03,0,0
1570,0.14,0,1
10982,0.25,0,1
9898,0.08,0,0
11112,0.09,0,0
6639,0.14,0,1
7977,0.09,0,0
9261,0.11,0,1
5306,0.38,0,1
7118,0.21,0,1
6878,0.09,0,0
1220,0.07,0,0
5505,0.0,0,0
11143,0.07,0,0
6043,0.12,0,1
7889,0.02,0,0
124,0.07,0,0
1417,0.12,0,1
8006,0.09,0,0
9689,0.04,0,0
5625,0.01,0,0
11461,0.17,0,1
1194,0.01,0,0
5667,0.07,0,0
8545,0.17,0,1
12660,0.25,0,1
572,0.09,0,0
10570,0.09,0,0
225,0.12,0,1
13107,0.06,0,0
8206,0.0,0,0
13462,0.08,0,0
9967,0.2,0,1
13560,0.13,0,1
13246,0.07,0,0
8709,0.08,0,0
5175,0.03,0,0
2369,0.22,0,1
10388,0.26,0,1
1662,0.13,0,1
11296,0.12,0,1
9136,0.02,0,0
12037,0.03,0,0
1656,0.1,0,1
10723,0.07,0,0
2308,0.01,0,0
613,0.13,0,1
14228,0.14,0,1
13956,0.11,0,1
4647,0.07,0,0
14313,0.07,0,0
1167,0.09,0,0
9161,0.12,0,1
8426,0.1,0,1
10613,0.03,0,0
5187,0.05,0,0
9659,0.01,0,0
9181,0.12,0,1
788,0.06,0,0
9991,0.08,0,0
12085,0.1,0,1
13591,0.01,0,0
5969,0.28,0,1
7982,0.09,0,0
10460,0.2,0,1
11740,0.23,0,1
5126,0.14,0,1
11098,0.19,0,1
12069,0.09,0,0
3253,0.27,0,1
10930,0.11,0,1
3183,0.03,0,0
11615,0.22,0,1
13724,0.21,0,1
9335,0.03,0,0
6777,0.01,0,0
10676,0.09,0,0
5788,0.14,0,1
7639,0.07,0,0
12602,0.19,0,1
6163,0.12,0,1
528,0.06,0,0
9811,0.0,0,0
5577,0.09,0,0
4637,0.0,0,0
2862,0.09,0,0
13444,0.05,0,0
4097,0.15,0,1
8729,0.28,0,1
13383,0.11,0,1
5590,0.07,0,0
958,0.1,0,1
14506,0.08,0,0
5452,0.06,0,0
8987,0.13,0,1
8402,0.06,0,0
3831,0.12,0,1
11896,0.08,0,0
2531,0.06,0,0
10507,0.1,0,1
3894,0.08,0,0
1585,0.08,0,0
5998,0.01,0,0
10932,0.03,0,0
9011,0.0,0,0
8515,0.02,0,0
6263,0.0,0,0
14041,0.23,0,1
11714,0.24,0,1
12914,0.0,0,0
90,0.02,0,0
14587,0.04,0,0
11129,0.0,0,0
4055,0.02,0,0
7045,0.01,0,0
12159,0.0,0,0
12515,0.05,0,0
14135,0.2,0,1
238,0.07,0,0
9917,0.29,0,1
3679,0.03,0,0
8358,0.01,0,0
322,0.05,0,0
1478,0.06,0,0
10849,0.03,0,0
352,0.03,0,0
2604,0.17,0,1
8869,0.01,0,0
13368,0.11,0,1
522,0.12,0,1
1106,0.08,0,0
10805,0.15,0,1
4063,0.03,0,0
11582,0.11,0,1
10794,0.11,0,1
2930,0.12,0,1
3318,0.1,0,1
14280,0.12,0,1
1351,0.02,0,0
14534,0.06,0,0
3192,0.11,0,1
4283,0.06,0,0
2529,0.19,0,1
14104,0.05,0,0
7465,0.04,0,0
14035,0.09,0,0
3673,0.02,0,0
7050,0.07,0,0
13410,0.03,0,0
1530,0.02,0,0
1941,0.09,0,0
7582,0.08,0,0
3975,0.15,0,1
13143,0.08,0,0
9524,0.04,0,0
9440,0.16,0,1
5416,0.07,0,0
4837,0.01,0,0
9696,0.06,0,0
5506,0.08,0,0
9087,0.01,0,0
13215,0.12,0,1
2940,0.03,0,0
11254,0.04,0,0
3941,0.06,0,0
5938,0.02,0,0
6894,0.12,0,1
12807,0.04,0,0
8667,0.14,0,1
144,0.07,0,0
2663,0.0,0,0
6203,0.09,0,0
13318,0.05,0,0
8412,0.07,0,0
10035,0.2,0,1
1842,0.05,0,0
1678,0.02,0,0
11633,0.05,0,0
14284,0.11,0,1
9982,0.0,0,0
13796,0.09,0,0
5426,0.15,0,1
14420,0.02,0,0
9189,0.12,0,1
13801,0.01,0,0
11435,0.04,0,0
1098,0.07,0,0
5211,0.03,0,0
8822,0.02,0,0
4749,0.04,0,0
6215,0.06,0,0
2470,0.13,0,1
10117,0.32,0,1
9106,0.05,0,0
13049,0.07,0,0
3378,0.02,0,0
1237,0.19,0,1
7214,0.07,0,0
9319,0.12,0,1
8866,0.12,0,1
3860,0.07,0,0
3839,0.02,0,0
1892,0.06,0,0
6271,0.05,0,0
1328,0.05,0,0
8703,0.02,0,0
10404,0.09,0,0
3689,0.02,0,0
9491,0.03,0,0
9187,0.08,0,0
1245,0.03,0,0
4382,0.11,0,1
10857,0.05,0,0
12551,0.09,0,0
13365,0.03,0,0
13458,0.06,0,0
7800,0.07,0,0
2646,0.08,0,0
1252,0.11,0,1
8539,0.26,0,1
3827,0.09,0,0
5307,0.02,0,0
7487,0.06,0,0
10710,0.03,0,0
3043,0.09,0,0
7395,0.14,0,1
1568,0.06,0,0
2587,0.17,0,1
9165,0.02,0,0
13349,0.13,0,1
3120,0.15,0,1
4741,0.08,0,0
8722,0.11,0,1
8332,0.14,0,1
8679,0.16,0,1
5962,0.2,0,1
2948,0.03,0,0
8257,0.06,0,0
4368,0.14,0,1
3933,0.4,0,1
57,0.13,0,1
1088,0.08,0,0
7261,0.03,0,0
6875,0.17,0,1
10486,0.2,0,1
13965,0.04,0,0
9561,0.08,0,0
3634,0.08,0,0
6917,0.0,0,0
7342,0.01,0,0
11709,0.04,0,0
7761,0.04,0,0
2335,0.11,0,1
4145,0.12,0,1
5900,0.04,0,0
5745,0.18,0,1
7562,0.34,0,1
12125,0.04,0,0
7660,0.06,0,0
13168,0.02,0,0
12680,0.01,0,0
7567,0.13,0,1
13317,0.02,0,0
12387,0.04,0,0
5677,0.09,0,0
10820,0.21,0,1
4534,0.03,0,0
1298,0.02,0,0
2238,0.02,0,0
11676,0.13,0,1
2305,0.1,0,1
6948,0.15,0,1
4639,0.1,0,1
14588,0.16,0,1
8127,0.05,0,0
12682,0.02,0,0
12075,0.02,0,0
10444,0.12,0,1
14259,0.07,0,0
8425,0.08,0,0
10727,0.08,0,0
12709,0.12,0,1
5489,0.03,0,0
5119,0.11,0,1
1989,0.08,0,0
2263,0.11,0,1
13446,0.07,0,0
12651,0.04,0,0
7175,0.01,0,0
382,0.11,0,1
5699,0.11,0,1
12136,0.1,0,1
247,0.24,0,1
6988,0.13,0,1
8763,0.16,0,1
7968,0.14,0,1
7864,0.03,0,0
7252,0.06,0,0
2054,0.13,0,1
13183,0.11,0,1
12528,0.05,0,0
14323,0.61,1,1
9923,0.02,0,0
10009,0.04,0,0
3071,0.07,0,0
799,0.07,0,0
6681,0.01,0,0
6944,0.02,0,0
180,0.07,0,0
2206,0.1,0,1
10457,0.06,0,0
13265,0.17,0,1
3037,0.17,0,1
6209,0.19,0,1
9295,0.1,0,1
9976,0.09,0,0
13503,0.14,0,1
1218,0.16,0,1
8611,0.18,0,1
9683,0.01,0,0
7723,0.13,0,1
12597,0.07,0,0
4897,0.08,0,0
5147,0.08,0,0
10092,0.0,0,0
6368,0.08,0,0
3803,0.13,0,1
2013,0.05,0,0
13172,0.05,0,0
4430,0.09,0,0
8348,0.1,0,1
12906,0.06,0,0
7497,0.09,0,0
12016,0.14,0,1
14159,0.2,0,1
12158,0.14,0,1
9555,0.09,0,0
13623,0.1,0,1
9611,0.01,0,0
580,0.19,0,1
4981,0.23,0,1
6520,0.23,0,1
13391,0.06,0,0
2171,0.03,0,0
11510,0.03,0,0
3016,0.02,0,0
2728,0.01,0,0
13499,0.05,0,0
10556,0.15,0,1
9032,0.12,0,1
13432,0.04,0,0
12814,0.2,0,1
9602,0.06,0,0
4424,0.03,0,0
14392,0.0,0,0
8299,0.11,0,1
6887,0.0,0,0
347,0.2,0,1
1272,0.04,0,0
9267,0.17,0,1
11396,0.27,0,1
10643,0.08,0,0
4809,0.21,0,1
5697,0.08,0,0
8242,0.02,0,0
14283,0.18,0,1
3254,0.02,0,0
8851,0.07,0,0
5569,0.05,0,0
11737,0.1,0,1
10812,0.15,0,1
2554,0.12,0,1
13924,0.13,0,1
4523,0.17,0,1
10549,0.01,0,0
10894,0.12,0,1
12338,0.22,0,1
13048,0.09,0,0
14196,0.0,0,0
377,0.01,0,0
12447,0.03,0,0
5832,0.01,0,0
5657,0.05,0,0
6943,0.09,0,0
14463,0.16,0,1
7119,0.05,0,0
4787,0.12,0,1
11721,0.07,0,0
3021,0.14,0,1
5044,0.09,0,0
500,0.15,0,1
10392,0.08,0,0
8606,0.2,0,1
8551,0.02,0,0
6082,0.11,0,1
6456,0.05,0,0
3523,0.04,0,0
5965,0.08,0,0
11865,0.12,0,1
12998,0.01,0,0
2804,0.17,0,1
2985,0.07,0,0
10844,0.08,0,0
10494,0.01,0,0
7058,0.05,0,0
2973,0.04,0,0
1003,0.1,0,1
8070,0.1,0,1
2774,0.11,0,1
4157,0.02,0,0
5566,0.02,0,0
2311,0.07,0,0
32,0.04,0,0
5738,0.0,0,0
260,0.05,0,0
13667,0.05,0,0
5770,0.15,0,1
11952,0.07,0,0
3747,0.14,0,1
9971,0.06,0,0
6493,0.09,0,0
5278,0.16,0,1
6375,0.06,0,0
10881,0.06,0,0
6759,0.13,0,1
11088,0.04,0,0
13185,0.25,0,1
9115,0.15,0,1
1364,0.09,0,0
1072,0.06,0,0
7959,0.15,0,1
11845,0.04,0,0
3749,0.16,0,1
3496,0.07,0,0
10370,0.09,0,0
655,0.27,0,1
6189,0.07,0,0
1139,0.15,0,1
9778,0.19,0,1
11547,0.05,0,0
13723,0.0,0,0
5381,0.34,0,1
13351,0.01,0,0
13253,0.08,0,0
8107,0.04,0,0
3083,0.05,0,0
9023,0.06,0,0
233,0.13,0,1
5369,0.16,0,1
50,0.13,0,1
9237,0.05,0,0
10764,0.13,0,1
12857,0.24,0,1
6884,0.17,0,1
226,0.05,0,0
2707,0.11,0,1
9250,0.01,0,0
2124,0.12,0,1
8979,0.06,0,0
13027,0.11,0,1
944,0.17,0,1
2278,0.53,1,1
10811,0.04,0,0
5992,0.02,0,0
11473,0.12,0,1
6126,0.1,0,1
10512,0.11,0,1
4343,0.05,0,0
13518,0.12,0,1
8,0.11,0,1
1832,0.07,0,0
8368,0.21,0,1
14082,0.22,0,1
11942,0.17,0,1
7753,0.14,0,1
12707,0.08,0,0
4323,0.12,0,1
12417,0.04,0,0
6391,0.07,0,0
5280,0.04,0,0
9315,0.06,0,0
12623,0.04,0,0
2314,0.06,0,0
13759,0.12,0,1
6156,0.17,0,1
14077,0.04,0,0
11069,0.03,0,0
8325,0.1,0,1
1643,0.04,0,0
9870,0.17,0,1
6085,0.06,0,0
836,0.21,0,1
13109,0.04,0,0
12216,0.0,0,0
10607,0.18,0,1
8666,0.04,0,0
242,0.03,0,0
11104,0.15,0,1
9858,0.19,0,1
1102,0.02,0,0
9099,0.13,0,1
10132,0.1,0,1
6855,0.06,0,0
8495,0.03,0,0
8852,0.12,0,1
4046,0.06,0,0
2495,0.1,0,1
11228,0.11,0,1
14248,0.02,0,0
9320,0.05,0,0
4701,0.14,0,1
555,0.15,0,1
7941,0.03,0,0
4674,0.07,0,0
1550,0.08,0,0
7584,0.01,0,0
12362,0.18,0,1
4713,0.0,0,0
11312,0.02,0,0
6217,0.12,0,1
10353,0.02,0,0
3131,0.1,0,1
11255,0.09,0,0
1750,0.06,0,0
9346,0.31,0,1
12714,0.08,0,0
5470,0.09,0,0
2081,0.04,0,0
11601,0.01,0,0
9902,0.09,0,0
9549,0.1,0,1
621,0.09,0,0
14162,0.19,0,1
2724,0.06,0,0
11903,0.06,0,0
4636,0.12,0,1
1611,0.17,0,1
11959,0.02,0,0
11514,0.12,0,1
4136,0.05,0,0
7199,0.2,0,1
12866,0.07,0,0
1518,0.08,0,0
2879,0.03,0,0
3279,0.09,0,0
4752,0.03,0,0
8986,0.16,0,1
4202,0.05,0,0
5473,0.09,0,0
3959,0.01,0,0
10612,0.1,0,1
9619,0.0,0,0
9192,0.09,0,0
148,0.01,0,0
4281,0.08,0,0
7337,0.12,0,1
5710,0.02,0,0
4111,0.04,0,0
5242,0.09,0,0
9413,0.07,0,0
9571,0.08,0,0
14465,0.03,0,0
10908,0.13,0,1
3427,0.31,0,1
2826,0.01,0,0
2220,0.1,0,1
2550,0.02,0,0
4495,0.09,0,0
1101,0.06,0,0
1564,0.13,0,1
6931,0.05,0,0
13175,0.37,0,1
8657,0.44,0,1
10922,0.15,0,1
309,0.15,0,1
785,0.03,0,0
13448,0.1,0,1
9517,0.06,0,0
5741,0.12,0,1
14591,0.15,0,1
8013,0.12,0,1
13056,0.09,0,0
2892,0.13,0,1
11378,0.07,0,0
915,0.18,0,1
9494,0.03,0,0
10573,0.01,0,0
11101,0.15,0,1
7739,0.13,0,1
10831,0.26,0,1
10784,0.2,0,1
7759,0.09,0,0
4782,0.04,0,0
7496,0.0,0,0
4657,0.13,0,1
8328,0.08,0,0
13944,0.05,0,0
4330,0.4,0,1
2675,0.09,0,0
1899,0.07,0,0
548,0.22,0,1
6953,0.1,0,1
8218,0.05,0,0
4308,0.03,0,0
10909,0.14,0,1
8290,0.14,0,1
6593,0.09,0,0
5433,0.15,0,1
5048,0.04,0,0
140,0.11,0,1
5141,0.13,0,1
6861,0.05,0,0
2475,0.11,0,1
10905,0.04,0,0
4446,0.1,0,1
7863,0.36,0,1
13919,0.04,0,0
5933,0.06,0,0
7089,0.1,0,1
13672,0.1,0,1
12911,0.19,0,1
4084,0.08,0,0
1590,0.05,0,0
1109,0.0,0,0
13357,0.13,0,1
3009,0.1,0,1
5840,0.04,0,0
5172,0.11,0,1
6295,0.19,0,1
1766,0.07,0,0
13478,0.01,0,0
7527,0.03,0,0
7609,0.19,0,1
8478,0.08,0,0
633,0.11,0,1
13121,0.04,0,0
11548,0.14,0,1
3180,0.24,0,1
11851,0.13,0,1
10120,0.27,0,1
9332,0.05,0,0
10713,0.18,0,1
13350,0.09,0,0
6595,0.01,0,0
8540,0.0,0,0
5762,0.03,0,0
9442,0.06,0,0
14046,0.16,0,1
11666,0.05,0,0
1386,0.08,0,0
9337,0.1,0,1
7854,0.24,0,1
2224,0.02,0,0
6984,0.14,0,1
364,0.01,0,0
9650,0.19,0,1
7386,0.05,0,0
7009,0.03,0,0
12785,0.88,1,1
6069,0.04,0,0
10504,0.03,0,0
10123,0.0,0,0
5101,0.14,0,1
6606,0.18,0,1
1607,0.06,0,0
11049,0.1,0,1
9615,0.0,0,0
12493,0.1,0,1
5205,0.0,0,0
4631,0.29,0,1
252,0.02,0,0
6161,0.03,0,0
13431,0.13,0,1
9064,0.08,0,0
12905,0.0,0,0
6125,0.32,0,1
13388,0.05,0,0
7276,0.11,0,1
8747,0.09,0,0
10773,0.07,0,0
10968,0.03,0,0
14058,0.06,0,0
893,0.0,0,0
10845,0.27,0,1
13852,0.1,0,1
7610,0.08,0,0
10758,0.28,0,1
7100,0.04,0,0
2524,0.02,0,0
5879,0.17,0,1
4703,0.04,0,0
12662,0.11,0,1
10793,0.11,0,1
2923,0.06,0,0
4880,0.02,0,0
5805,0.23,0,1
7591,0.09,0,0
11577,0.22,0,1
6476,0.2,0,1
7851,0.1,0,1
5880,0.03,0,0
464,0.08,0,0
12132,0.33,0,1
2140,0.04,0,0
11904,0.13,0,1
5459,0.08,0,0
3943,0.06,0,0
5501,0.03,0,0
3210,0.13,0,1
1534,0.0,0,0
8542,0.11,0,1
7153,0.0,0,0
728,0.17,0,1
5589,0.06,0,0
5260,0.3,0,1
12871,0.11,0,1
12183,0.24,0,1
9579,0.22,0,1
10450,0.03,0,0
13016,0.11,0,1
12532,0.0,0,0
7090,0.06,0,0
7054,0.12,0,1
9236,0.17,0,1
10863,0.25,0,1
11526,0.16,0,1
13159,0.23,0,1
841,0.07,0,0
2995,0.5,1,1
12468,0.04,0,0
9109,0.09,0,0
779,0.18,0,1
11481,0.0,0,0
13120,0.09,0,0
14001,0.01,0,0
6648,0.06,0,0
2545,0.22,0,1
9848,0.11,0,1
5664,0.06,0,0
12290,0.08,0,0
1685,0.0,0,0
13002,0.07,0,0
7356,0.09,0,0
9569,0.04,0,0
13126,0.0,0,0
1343,0.09,0,0
2158,0.06,0,0
10779,0.06,0,0
2301,0.14,0,1
7274,0.15,0,1
3408,0.01,0,0
14000,0.07,0,0
8051,0.11,0,1
5297,0.04,0,0
749,0.03,0,0
8139,0.17,0,1
7576,0.14,0,1
11083,0.14,0,1
7767,0.08,0,0
10110,0.08,0,0
11745,0.13,0,1
13978,0.12,0,1
1170,0.04,0,0
10702,0.17,0,1
4211,0.25,0,1
2664,0.17,0,1
6075,0.09,0,0
14441,0.03,0,0
8113,0.08,0,0
4596,0.11,0,1
13940,0.15,0,1
13645,0.86,1,1
13414,0.11,0,1
3750,0.3,0,1
2110,0.08,0,0
9260,0.02,0,0
12123,0.04,0,0
1359,0.07,0,0
12634,0.0,0,0
9150,0.04,0,0
7031,0.16,0,1
13356,0.04,0,0
3993,0.0,0,0
4053,0.28,0,1
547,0.03,0,0
3388,0.12,0,1
3597,0.0,0,0
13294,0.2,0,1
4240,0.2,0,1
4860,0.12,0,1
7875,0.27,0,1
7921,0.08,0,0
4927,0.1,0,1
9221,0.08,0,0
7621,0.17,0,1
949,0.17,0,1
3212,0.07,0,0
8089,0.55,1,1
14004,0.13,0,1
6307,0.08,0,0
1403,0.03,0,0
14448,0.16,0,1
632,0.01,0,0
1914,0.15,0,1
7105,0.03,0,0
11807,0.14,0,1
3050,0.0,0,0
2579,0.04,0,0
882,0.04,0,0
2576,0.09,0,0
12345,0.01,0,0
460,0.02,0,0
8882,0.2,0,1
7030,0.07,0,0
7570,0.05,0,0
4561,0.11,0,1
2754,0.11,0,1
4171,0.11,0,1
3662,0.04,0,0
2458,0.12,0,1
6067,0.02,0,0
12672,0.26,0,1
12898,0.07,0,0
122,0.03,0,0
273,0.06,0,0
14515,0.04,0,0
5973,0.05,0,0
4284,0.1,0,1
5721,0.16,0,1
10451,0.14,0,1
4011,0.07,0,0
12941,0.19,0,1
6086,0.15,0,1
1432,0.24,0,1
1997,0.08,0,0
7686,0.11,0,1
4341,0.25,0,1
7792,0.06,0,0
3447,0.06,0,0
7161,0.03,0,0
7746,0.04,0,0
14538,0.07,0,0
910,0.16,0,1
14590,0.04,0,0
7701,0.08,0,0
1235,0.03,0,0
8136,0.1,0,1
3852,0.04,0,0
839,0.01,0,0
9132,0.04,0,0
7218,0.08,0,0
4254,0.18,0,1
8224,0.07,0,0
2694,0.07,0,0
13804,0.05,0,0
5062,0.16,0,1
8995,0.18,0,1
7715,0.08,0,0
12577,0.2,0,1
10537,0.04,0,0
14458,0.11,0,1
12736,0.09,0,0
2891,0.13,0,1
1830,0.13,0,1
1498,0.04,0,0
7544,0.02,0,0
2442,0.2,0,1
2789,0.15,0,1
13556,0.08,0,0
451,0.07,0,0
3914,0.05,0,0
6168,0.01,0,0
9391,0.1,0,1
5530,0.04,0,0
12723,0.13,0,1
4035,0.13,0,1
10204,0.07,0,0
10882,0.08,0,0
6352,0.11,0,1
2520,0.33,0,1
46,0.11,0,1
7795,0.04,0,0
6361,0.04,0,0
7675,0.05,0,0
7872,0.02,0,0
4067,0.16,0,1
11799,0.04,0,0
11897,0.12,0,1
9046,0.07,0,0
7823,0.02,0,0
2768,0.03,0,0
8656,0.02,0,0
7585,0.11,0,1
9707,0.12,0,1
7698,0.12,0,1
4604,0.06,0,0
8510,0.09,0,0
6150,0.21,0,1
12559,0.18,0,1
13973,0.21,0,1
11534,0.03,0,0
8731,0.04,0,0
12643,0.09,0,0
1881,0.28,0,1
3172,0.08,0,0
12885,0.07,0,0
7899,0.03,0,0
5112,0.1,0,1
5316,0.09,0,0
2343,0.11,0,1
11058,0.01,0,0
6967,0.1,0,1
11983,0.16,0,1
14140,0.01,0,0
14498,0.07,0,0
10891,0.13,0,1
11810,0.0,0,0
7906,0.03,0,0
5210,0.06,0,0
8954,0.07,0,0
8902,0.1,0,1
5291,0.06,0,0
8457,0.13,0,1
12330,0.04,0,0
10911,0.01,0,0
582,0.08,0,0
13814,0.02,0,0
2137,0.12,0,1
12757,0.03,0,0
6619,0.14,0,1
6461,0.0,0,0
6144,0.06,0,0
1852,0.12,0,1
10562,0.13,0,1
7171,0.13,0,1
11958,0.14,0,1
6712,0.11,0,1
12285,0.07,0,0
4554,0.09,0,0
9819,0.08,0,0
7382,0.09,0,0
8940,0.14,0,1
12859,0.08,0,0
12838,0.19,0,1
1118,0.13,0,1
8073,0.05,0,0
3203,0.11,0,1
561,0.48,0,1
2330,0.07,0,0
6999,0.03,0,0
13522,0.08,0,0
2594,0.02,0,0
850,0.03,0,0
10717,0.29,0,1
2446,0.14,0,1
8578,0.29,0,1
3379,0.09,0,0
12246,0.15,0,1
2652,0.02,0,0
12921,0.03,0,0
2217,0.09,0,0
12853,0.05,0,0
7530,0.16,0,1
1126,0.09,0,0
2033,0.05,0,0
5118,0.09,0,0
2786,0.23,0,1
13868,0.33,0,1
3873,0.07,0,0
11856,0.01,0,0
56,0.5,1,1
3706,0.03,0,0
8984,0.12,0,1
3367,0.0,0,0
14584,0.15,0,1
8693,0.15,0,1
2670,0.05,0,0
12996,0.01,0,0
3345,0.08,0,0
2057,0.09,0,0
6928,0.02,0,0
9365,0.1,0,1
7104,0.0,0,0
3730,0.12,0,1
12071,0.07,0,0
2815,0.03,0,0
12808,0.07,0,0
12612,0.19,0,1
14378,0.13,0,1
5386,0.04,0,0
12563,0.1,0,1
2380,0.21,0,1
12496,0.03,0,0
10326,0.1,0,1
10468,0.07,0,0
3970,0.18,0,1
4602,0.1,0,1
1073,0.05,0,0
10744,0.01,0,0
8645,0.01,0,0
6765,0.08,0,0
938,0.12,0,1
10433,0.08,0,0
10062,0.19,0,1
13588,0.02,0,0
5275,0.09,0,0
7243,0.02,0,0
3964,0.13,0,1
5772,0.04,0,0
10405,0.02,0,0
11422,0.21,0,1
7472,0.06,0,0
11372,0.07,0,0
5412,0.07,0,0
8789,0.03,0,0
98,0.09,0,0
11649,0.03,0,0
13825,0.24,0,1
12025,0.28,0,1
2393,0.38,0,1
14170,0.1,0,1
5890,0.05,0,0
8336,0.04,0,0
8915,0.06,0,0
8300,0.09,0,0
7351,0.06,0,0
887,0.08,0,0
11070,0.15,0,1
13240,0.1,0,1
7501,0.17,0,1
11768,0.07,0,0
9868,0.2,0,1
5717,0.13,0,1
11433,0.22,0,1
9834,0.07,0,0
11628,0.09,0,0
8726,0.38,0,1
1352,0.08,0,0
3039,0.08,0,0
9678,0.15,0,1
4106,0.02,0,0
13104,0.2,0,1
11683,0.1,0,1
9030,0.37,0,1
13521,0.02,0,0
1029,0.06,0,0
11784,0.03,0,0
3885,0.13,0,1
11181,0.11,0,1
13776,0.06,0,0
6084,0.09,0,0
9909,0.04,0,0
8330,0.11,0,1
898,0.35,0,1
2423,0.19,0,1
1930,0.09,0,0
11401,0.1,0,1
7280,0.05,0,0
8346,0.06,0,0
14509,0.06,0,0
12882,0.27,0,1
584,0.05,0,0
4191,0.12,0,1
13134,0.14,0,1
13961,0.09,0,0
10288,0.07,0,0
5804,0.21,0,1
2244,0.01,0,0
9473,0.21,0,1
3889,0.03,0,0
2373,0.19,0,1
2085,0.1,0,1
5136,0.05,0,0
4297,0.03,0,0
10315,0.22,0,1
2578,0.07,0,0
6248,0.2,0,1
9380,0.04,0,0
8103,0.09,0,0
994,0.17,0,1
1874,0.07,0,0
12992,0.08,0,0
9552,0.12,0,1
8816,0.04,0,0
9498,0.1,0,1
2689,0.1,0,1
2006,0.11,0,1
2500,0.05,0,0
5194,0.14,0,1
10757,0.17,0,1
11141,0.01,0,0
6553,0.03,0,0
4792,0.06,0,0
4313,0.23,0,1
12739,0.02,0,0
11919,0.04,0,0
7231,0.05,0,0
1283,0.06,0,0
8694,0.1,0,1
9937,0.28,0,1
1578,0.03,0,0
66,0.03,0,0
7084,0.16,0,1
13477,0.25,0,1
11135,0.21,0,1
8691,0.18,0,1
12510,0.05,0,0
13815,0.17,0,1
8766,0.07,0,0
5266,0.07,0,0
5808,0.04,0,0
8820,0.12,0,1
8420,0.03,0,0
2817,0.05,0,0
552,0.04,0,0
8157,0.31,0,1
14329,0.26,0,1
7622,0.06,0,0
1615,0.05,0,0
9404,0.02,0,0
3260,0.1,0,1
1017,0.02,0,0
13636,0.02,0,0
787,0.02,0,0
9348,0.03,0,0
7473,0.06,0,0
14536,0.06,0,0
13112,0.05,0,0
2440,0.02,0,0
3042,0.17,0,1
716,0.01,0,0
7302,0.15,0,1
169,0.1,0,1
4166,0.1,0,1
9916,0.08,0,0
3448,0.0,0,0
6906,0.03,0,0
5463,0.02,0,0
1089,0.05,0,0
4144,0.04,0,0
13496,0.06,0,0
7699,0.03,0,0
13615,0.06,0,0
7304,0.03,0,0
7876,0.04,0,0
4089,0.05,0,0
12051,0.0,0,0
2701,0.07,0,0
9126,0.04,0,0
7750,0.13,0,1
9312,0.16,0,1
9604,0.06,0,0
4901,0.12,0,1
1150,0.07,0,0
7881,0.1,0,1
11529,0.07,0,0
10777,0.04,0,0
5107,0.05,0,0
3232,0.17,0,1
9369,0.06,0,0
7236,0.04,0,0
12282,0.08,0,0
6190,0.12,0,1
8884,0.26,0,1
3931,0.16,0,1
6199,0.03,0,0
2499,0.02,0,0
10048,0.17,0,1
5949,0.06,0,0
7559,0.11,0,1
12544,0.05,0,0
6766,0.09,0,0
558,0.08,0,0
11826,0.04,0,0
9892,0.05,0,0
13283,0.26,0,1
1738,0.04,0,0
5268,0.06,0,0
5847,0.15,0,1
11493,0.06,0,0
14126,0.06,0,0
462,0.09,0,0
7538,0.05,0,0
298,0.11,0,1
118,0.16,0,1
1370,0.07,0,0
6285,0.06,0,0
10594,0.11,0,1
10063,0.1,0,1
11507,0.04,0,0
12725,0.07,0,0
13885,0.03,0,0
13937,0.22,0,1
8278,0.03,0,0
4000,0.09,0,0
1299,0.14,0,1
12421,0.09,0,0
9353,0.07,0,0
9384,0.11,0,1
12935,0.08,0,0
773,0.04,0,0
7086,0.01,0,0
11776,0.0,0,0
5061,0.02,0,0
14164,0.04,0,0
12816,0.16,0,1
1765,0.1,0,1
10182,0.0,0,0
11064,0.22,0,1
13806,0.21,0,1
4092,0.06,0,0
2539,0.12,0,1
1158,0.01,0,0
7017,0.03,0,0
6685,0.05,0,0
6204,0.26,0,1
8770,0.05,0,0
5189,0.03,0,0
5731,0.08,0,0
5160,0.05,0,0
10211,0.1,0,1
9493,0.04,0,0
7265,0.12,0,1
7803,0.16,0,1
3046,0.11,0,1
5274,0.29,0,1
14101,0.05,0,0
2640,0.08,0,0
885,0.11,0,1
5329,0.02,0,0
4435,0.16,0,1
12606,0.14,0,1
4105,0.18,0,1
5668,0.1,0,1
3429,0.2,0,1
8576,0.02,0,0
2782,0.04,0,0
11343,0.12,0,1
8563,0.14,0,1
5941,0.01,0,0
8147,0.13,0,1
3789,0.2,0,1
1063,0.06,0,0
7770,0.21,0,1
1546,0.0,0,0
13406,0.2,0,1
1286,0.08,0,0
3779,0.08,0,0
4777,0.0,0,0
13435,0.11,0,1
11895,0.02,0,0
3426,0.08,0,0
12485,0.06,0,0
7070,0.07,0,0
3960,0.12,0,1
7205,0.12,0,1
1055,0.15,0,1
4087,0.19,0,1
9840,0.03,0,0
9486,0.35,0,1
4995,0.07,0,0
7620,0.08,0,0
8115,0.04,0,0
2063,0.06,0,0
951,0.04,0,0
4892,0.08,0,0
10252,0.21,0,1
14197,0.03,0,0
3007,0.02,0,0
9887,0.1,0,1
10422,0.07,0,0
11384,0.22,0,1
11931,0.07,0,0
14405,0.04,0,0
11082,0.09,0,0
11829,0.1,0,1
10965,0.05,0,0
2215,0.17,0,1
2115,0.04,0,0
6542,0.01,0,0
2167,0.14,0,1
12195,0.05,0,0
5093,0.16,0,1
1594,0.07,0,0
12595,0.05,0,0
14181,0.16,0,1
7366,0.05,0,0
4872,0.05,0,0
3005,0.09,0,0
2154,0.02,0,0
2723,0.43,0,1
4818,0.09,0,0
9067,0.01,0,0
10944,0.05,0,0
277,0.2,0,1
10271,0.07,0,0
8791,0.11,0,1
5967,0.11,0,1
346,0.31,0,1
10617,0.13,0,1
13569,0.07,0,0
1531,0.0,0,0
10265,0.2,0,1
10814,0.34,0,1
8265,0.05,0,0
9572,0.16,0,1
11765,0.17,0,1
5614,0.09,0,0
7378,0.23,0,1
4699,0.13,0,1
7541,0.05,0,0
8636,0.17,0,1
2902,0.02,0,0
5010,0.05,0,0
6883,0.06,0,0
10674,0.19,0,1
1421,0.13,0,1
13076,0.0,0,0
5528,0.08,0,0
12379,0.06,0,0
14007,0.04,0,0
229,0.09,0,0
13222,0.24,0,1
6785,0.05,0,0
593,0.06,0,0
6902,0.03,0,0
12804,0.04,0,0
1551,0.07,0,0
13925,0.04,0,0
2179,0.13,0,1
1906,0.09,0,0
8458,0.0,0,0
6958,0.01,0,0
10283,0.13,0,1
4804,0.07,0,0
5334,0.04,0,0
12758,0.1,0,1
8050,0.02,0,0
11023,0.02,0,0
4965,0.09,0,0
14429,0.03,0,0
3510,0.12,0,1
3848,0.18,0,1
1051,0.07,0,0
12692,0.19,0,1
3858,0.22,0,1
7309,0.0,0,0
8461,0.13,0,1
12795,0.23,0,1
6468,0.09,0,0
3828,0.14,0,1
13411,0.14,0,1
2506,0.05,0,0
12878,0.02,0,0
5244,0.2,0,1
818,0.07,0,0
11206,0.03,0,0
5114,0.2,0,1
11416,0.05,0,0
14466,0.21,0,1
6404,0.13,0,1
12668,0.12,0,1
13425,0.1,0,1
14124,0.44,0,1
6734,0.27,0,1
1690,0.18,0,1
12089,0.06,0,0
9355,0.0,0,0
7325,0.15,0,1
13014,0.04,0,0
10407,0.21,0,1
3955,0.21,0,1
13467,0.07,0,0
12156,0.06,0,0
3130,0.15,0,1
9633,0.02,0,0
9421,0.02,0,0
3243,0.16,0,1
4287,0.12,0,1
6098,0.04,0,0
10147,0.1,0,1
8711,0.12,0,1
4132,0.04,0,0
1704,0.28,0,1
9813,0.22,0,1
5948,0.07,0,0
1533,0.07,0,0
1653,0.02,0,0
5404,0.08,0,0
7700,0.29,0,1
8648,0.16,0,1
14054,0.09,0,0
800,0.07,0,0
5122,0.06,0,0
4492,0.12,0,1
11596,0.14,0,1
855,0.12,0,1
12437,0.25,0,1
6622,0.06,0,0
3954,0.17,0,1
1706,0.06,0,0
6582,0.01,0,0
5178,0.1,0,1
4694,0.19,0,1
10591,0.06,0,0
6284,0.15,0,1
4339,0.04,0,0
1666,0.04,0,0
4482,0.07,0,0
11516,0.12,0,1
8057,0.24,0,1
3386,0.03,0,0
12380,0.2,0,1
4500,0.39,0,1
9174,0.09,0,0
1599,0.07,0,0
5315,0.11,0,1
4126,0.0,0,0
8893,0.04,0,0
2378,0.0,0,0
2034,0.14,0,1
3270,0.06,0,0
4645,0.16,0,1
1730,0.02,0,0
109,0.0,0,0
3551,0.08,0,0
1729,0.21,0,1
8137,0.21,0,1
756,0.09,0,0
10290,0.13,0,1
4252,0.2,0,1
4439,0.02,0,0
14243,0.11,0,1
8245,0.07,0,0
2649,0.03,0,0
12086,0.17,0,1
5570,0.08,0,0
1942,0.08,0,0
10376,0.04,0,0
6977,0.13,0,1
12620,0.06,0,0
