"Customer_ID,Churn_Predicted,Churn_Probability"
"0,0,0.08"
"1,0,0.07"
"2,0,0.03"
"3,0,0.19"
"4,0,0.04"
"5,0,0.1"
"6,0,0.02"
"7,0,0.02"
"8,0,0.07"
"9,0,0.02"
"10,0,0.17"
"11,0,0.02"
"12,0,0.21"
"13,0,0.06"
"14,0,0.09"
"15,0,0.06"
"16,0,0.14"
"17,0,0.04"
"18,0,0.2"
"19,0,0.06"
"20,0,0.0"
"21,0,0.07"
"22,0,0.06"
"23,0,0.05"
"24,0,0.28"
"25,0,0.09"
"26,0,0.37"
"27,0,0.2"
"28,0,0.12"
"29,0,0.35"
"30,0,0.05"
"31,0,0.04"
"32,0,0.25"
"33,0,0.15"
"34,0,0.11"
"35,0,0.05"
"36,0,0.07"
"37,0,0.02"
"38,0,0.12"
"39,0,0.29"
"40,0,0.48"
"41,0,0.19"
"42,0,0.13"
"43,0,0.11"
"44,0,0.11"
"45,0,0.27"
"46,0,0.32"
"47,0,0.14"
"48,0,0.05"
"49,0,0.14"
"50,0,0.03"
"51,0,0.24"
"52,0,0.02"
"53,0,0.05"
"54,0,0.15"
"55,0,0.09"
"56,0,0.07"
"57,0,0.07"
"58,0,0.07"
"59,0,0.27"
"60,0,0.3"
"61,0,0.07"
"62,0,0.18"
"63,0,0.08"
"64,0,0.03"
"65,0,0.0"
"66,0,0.01"
"67,0,0.19"
"68,0,0.26"
"69,0,0.14"
"70,0,0.17"
"71,0,0.26"
"72,0,0.02"
"73,0,0.03"
"74,0,0.19"
"75,0,0.09"
"76,0,0.18"
"77,0,0.12"
"78,0,0.09"
"79,0,0.06"
"80,0,0.05"
"81,0,0.01"
"82,0,0.03"
"83,0,0.19"
"84,0,0.16"
"85,0,0.05"
"86,0,0.1"
"87,0,0.01"
"88,0,0.06"
"89,0,0.08"
"90,0,0.24"
"91,0,0.05"
"92,0,0.31"
"93,0,0.11"
"94,0,0.15"
"95,0,0.07"
"96,0,0.01"
"97,0,0.03"
"98,0,0.03"
"99,0,0.03"
"100,0,0.03"
"101,0,0.19"
"102,0,0.05"
"103,0,0.07"
"104,0,0.13"
"105,0,0.16"
"106,0,0.15"
"107,0,0.0"
"108,0,0.1"
"109,0,0.05"
"110,0,0.02"
"111,0,0.15"
"112,0,0.09"
"113,0,0.06"
"114,0,0.04"
"115,0,0.05"
"116,0,0.08"
"117,0,0.09"
"118,0,0.13"
"119,0,0.11"
"120,0,0.03"
"121,0,0.13"
"122,0,0.13"
"123,0,0.06"
"124,0,0.27"
"125,0,0.26"
"126,0,0.0"
"127,0,0.07"
"128,0,0.12"
"129,0,0.32"
"130,0,0.03"
"131,0,0.16"
"132,0,0.06"
"133,0,0.15"
"134,0,0.03"
"135,0,0.05"
"136,0,0.02"
"137,0,0.05"
"138,0,0.07"
"139,0,0.4"
"140,0,0.18"
"141,0,0.01"
"142,0,0.03"
"143,0,0.03"
"144,0,0.06"
"145,0,0.04"
"146,0,0.24"
"147,0,0.07"
"148,0,0.08"
"149,0,0.17"
"150,0,0.07"
"151,0,0.05"
"152,0,0.07"
"153,0,0.06"
"154,0,0.02"
"155,0,0.09"
"156,0,0.12"
"157,0,0.02"
"158,0,0.02"
"159,0,0.05"
"160,0,0.04"
"161,0,0.09"
"162,0,0.04"
"163,0,0.01"
"164,0,0.14"
"165,0,0.04"
"166,0,0.23"
"167,0,0.02"
"168,0,0.02"
"169,0,0.24"
"170,0,0.26"
"171,0,0.05"
"172,0,0.15"
"173,0,0.44"
"174,0,0.14"
"175,0,0.06"
"176,0,0.1"
"177,0,0.17"
"178,0,0.04"
"179,0,0.12"
"180,0,0.02"
"181,0,0.07"
"182,0,0.3"
"183,0,0.01"
"184,0,0.09"
"185,0,0.01"
"186,0,0.12"
"187,0,0.1"
"188,0,0.22"
"189,0,0.11"
"190,0,0.02"
"191,0,0.29"
"192,0,0.06"
"193,0,0.03"
"194,0,0.01"
"195,0,0.01"
"196,0,0.09"
"197,0,0.19"
"198,0,0.2"
"199,0,0.11"
"200,0,0.04"
"201,0,0.07"
"202,0,0.02"
"203,0,0.26"
"204,0,0.08"
"205,0,0.07"
"206,0,0.04"
"207,0,0.0"
"208,0,0.21"
"209,0,0.05"
"210,0,0.09"
"211,0,0.12"
"212,0,0.05"
"213,0,0.09"
"214,0,0.05"
"215,0,0.07"
"216,0,0.4"
"217,0,0.04"
"218,0,0.12"
"219,0,0.03"
"220,0,0.21"
"221,0,0.02"
"222,0,0.06"
"223,0,0.05"
"224,0,0.04"
"225,0,0.13"
"226,0,0.15"
"227,0,0.06"
"228,0,0.01"
"229,0,0.04"
"230,0,0.02"
"231,0,0.03"
"232,0,0.13"
"233,0,0.03"
"234,0,0.1"
"235,0,0.06"
"236,0,0.3"
"237,0,0.04"
"238,0,0.02"
"239,0,0.13"
"240,0,0.07"
"241,0,0.06"
"242,0,0.09"
"243,0,0.1"
"244,0,0.02"
"245,0,0.12"
"246,0,0.18"
"247,0,0.05"
"248,0,0.22"
"249,0,0.07"
"250,0,0.3"
"251,0,0.08"
"252,0,0.07"
"253,0,0.06"
"254,0,0.11"
"255,0,0.01"
"256,0,0.03"
"257,0,0.14"
"258,0,0.05"
"259,0,0.05"
"260,0,0.01"
"261,0,0.05"
"262,1,0.88"
"263,0,0.11"
"264,0,0.1"
"265,0,0.05"
"266,0,0.05"
"267,0,0.09"
"268,0,0.09"
"269,0,0.35"
"270,0,0.02"
"271,0,0.18"
"272,0,0.3259090909090909"
"273,0,0.07"
"274,0,0.27"
"275,0,0.25"
"276,0,0.08"
"277,0,0.0"
"278,0,0.04"
"279,0,0.02"
"280,0,0.43"
"281,0,0.12"
"282,0,0.03"
"283,0,0.16"
"284,0,0.0"
"285,0,0.16"
"286,0,0.06"
"287,0,0.13"
"288,0,0.13"
"289,0,0.0"
"290,0,0.06"
"291,0,0.18"
"292,0,0.16"
"293,0,0.08"
"294,0,0.1"
"295,0,0.2"
"296,0,0.25"
"297,0,0.02"
"298,0,0.19"
"299,0,0.04"
"300,0,0.08"
"301,0,0.15"
"302,0,0.02"
"303,0,0.0"
"304,0,0.09"
"305,0,0.07"
"306,0,0.21"
"307,0,0.15"
"308,0,0.12"
"309,0,0.08"
"310,0,0.07"
"311,0,0.0"
"312,0,0.05"
"313,0,0.08"
"314,0,0.23"
"315,0,0.34"
"316,0,0.05"
"317,0,0.13"
"318,0,0.06"
"319,0,0.1"
"320,0,0.04"
"321,0,0.08"
"322,0,0.05"
"323,0,0.0"
"324,0,0.18"
"325,0,0.08"
"326,0,0.16"
"327,0,0.02"
"328,0,0.07"
"329,0,0.22"
"330,0,0.12"
"331,0,0.01"
"332,0,0.04"
"333,0,0.1"
"334,0,0.05"
"335,0,0.15"
"336,0,0.04"
"337,0,0.13"
"338,0,0.03"
"339,0,0.0"
"340,0,0.09"
"341,0,0.14"
"342,0,0.07"
"343,0,0.13"
"344,0,0.34"
"345,0,0.06"
"346,0,0.24"
"347,0,0.46"
"348,0,0.31"
"349,0,0.09"
"350,0,0.05"
"351,0,0.33"
"352,0,0.27"
"353,0,0.32"
"354,0,0.2"
"355,0,0.13"
"356,0,0.03"
"357,0,0.08"
"358,0,0.18"
"359,0,0.17"
"360,0,0.1"
"361,0,0.05"
"362,0,0.07"
"363,0,0.26"
"364,0,0.08"
"365,0,0.07"
"366,0,0.25"
"367,0,0.26"
"368,0,0.18"
"369,0,0.01"
"370,0,0.09"
"371,0,0.15"
"372,0,0.02"
"373,0,0.11"
"374,0,0.1"
"375,0,0.07"
"376,0,0.03"
"377,0,0.25"
"378,0,0.14"
"379,0,0.17"
"380,0,0.19"
"381,0,0.14"
"382,0,0.16"
"383,0,0.15"
"384,0,0.1"
"385,0,0.16"
"386,0,0.24"
"387,0,0.03"
"388,0,0.05"
"389,0,0.03"
"390,0,0.02"
"391,0,0.03"
"392,0,0.22"
"393,0,0.06"
"394,0,0.05"
"395,0,0.19"
"396,0,0.13"
"397,0,0.28"
"398,0,0.06"
"399,0,0.07"
"400,0,0.02"
"401,0,0.02"
"402,0,0.11"
"403,0,0.03"
"404,0,0.13"
"405,0,0.26"
"406,0,0.05"
"407,0,0.03"
"408,1,0.69"
"409,0,0.04"
"410,0,0.04"
"411,0,0.02"
"412,0,0.42"
"413,0,0.11"
"414,0,0.16"
"415,0,0.13"
"416,0,0.13"
"417,0,0.06"
"418,0,0.08"
"419,0,0.1"
"420,0,0.19"
"421,0,0.02"
"422,0,0.22"
"423,0,0.1"
"424,0,0.09"
"425,0,0.06"
"426,0,0.06"
"427,0,0.01"
"428,0,0.03"
"429,0,0.14"
"430,0,0.09"
"431,0,0.1"
"432,0,0.19"
"433,0,0.08"
"434,0,0.1"
"435,0,0.24"
"436,0,0.1"
"437,0,0.0"
"438,0,0.02"
"439,0,0.07"
"440,0,0.16"
"441,0,0.31"
"442,0,0.03"
"443,0,0.12"
"444,0,0.02"
"445,0,0.13"
"446,0,0.09"
"447,0,0.0"
"448,0,0.09"
"449,0,0.03"
"450,0,0.08"
"451,0,0.02"
"452,0,0.03"
"453,0,0.07"
"454,0,0.12"
"455,0,0.04"
"456,0,0.03"
"457,0,0.02"
"458,0,0.06"
"459,0,0.05"
"460,0,0.11"
"461,0,0.12"
"462,0,0.07"
"463,0,0.05"
"464,0,0.02"
"465,0,0.1"
"466,0,0.01"
"467,0,0.06"
"468,0,0.14"
"469,0,0.14"
"470,0,0.4"
"471,0,0.22"
"472,0,0.05"
"473,0,0.16"
"474,0,0.11"
"475,0,0.08"
"476,0,0.02"
"477,0,0.08"
"478,0,0.13"
"479,0,0.08"
"480,0,0.07"
"481,0,0.08"
"482,0,0.07"
"483,0,0.09"
"484,0,0.02"
"485,0,0.01"
"486,0,0.05"
"487,0,0.22"
"488,0,0.29"
"489,0,0.07"
"490,0,0.04"
"491,0,0.1859090909090909"
"492,0,0.04"
"493,0,0.44"
"494,0,0.04"
"495,0,0.07"
"496,0,0.16"
"497,0,0.05"
"498,0,0.07"
"499,0,0.11"
"500,0,0.0"
"501,0,0.04"
"502,0,0.3"
"503,0,0.11"
"504,0,0.02"
"505,0,0.13"
"506,0,0.25"
"507,0,0.03"
"508,0,0.02"
"509,0,0.12"
"510,0,0.01"
"511,0,0.06"
"512,0,0.09"
"513,0,0.03"
"514,0,0.11"
"515,0,0.35"
"516,0,0.05"
"517,0,0.09"
"518,0,0.0"
"519,0,0.16"
"520,0,0.03"
"521,0,0.15"
"522,0,0.11"
"523,0,0.0"
"524,0,0.06"
"525,0,0.0"
"526,0,0.01"
"527,0,0.04"
"528,0,0.06"
"529,0,0.06"
"530,0,0.12"
"531,0,0.04"
"532,0,0.05"
"533,0,0.06"
"534,0,0.02"
"535,0,0.23"
"536,0,0.06"
"537,0,0.1"
"538,0,0.09"
"539,0,0.29"
"540,0,0.11"
"541,0,0.22"
"542,0,0.05"
"543,0,0.07"
"544,0,0.0"
"545,0,0.07"
"546,0,0.06"
"547,0,0.15"
"548,0,0.15"
"549,0,0.06"
"550,0,0.07"
"551,0,0.16"
"552,0,0.06"
"553,0,0.07"
"554,0,0.16"
"555,0,0.13"
"556,0,0.04"
"557,0,0.09"
"558,0,0.15"
"559,0,0.05"
"560,0,0.22"
"561,0,0.19"
"562,0,0.07"
"563,0,0.01"
"564,0,0.28"
"565,0,0.17"
"566,0,0.22"
"567,0,0.38"
"568,0,0.07"
"569,0,0.1"
"570,0,0.12"
"571,0,0.08"
"572,0,0.43"
"573,0,0.05"
"574,0,0.2"
"575,0,0.04"
"576,0,0.07"
"577,0,0.07"
"578,0,0.0"
"579,0,0.16"
"580,0,0.14"
"581,0,0.03"
"582,0,0.08"
"583,0,0.16"
"584,0,0.07"
"585,0,0.1"
"586,0,0.17"
"587,0,0.1"
"588,0,0.11"
"589,0,0.02"
"590,0,0.02"
"591,0,0.02"
"592,0,0.15"
"593,0,0.32"
"594,0,0.01"
"595,0,0.07"
"596,0,0.04"
"597,0,0.05"
"598,0,0.02"
"599,0,0.03"
"600,0,0.08"
"601,0,0.07"
"602,0,0.21"
"603,0,0.16"
"604,0,0.19"
"605,0,0.04"
"606,0,0.04"
"607,0,0.14"
"608,0,0.02"
"609,0,0.08"
"610,0,0.12"
"611,0,0.24"
"612,0,0.35"
"613,0,0.03"
"614,0,0.03"
"615,0,0.01"
"616,0,0.02"
"617,0,0.12"
"618,0,0.09"
"619,0,0.0"
"620,0,0.1"
"621,0,0.12"
"622,0,0.05"
"623,0,0.18"
"624,0,0.0"
"625,0,0.04"
"626,0,0.18"
"627,0,0.01"
"628,0,0.11"
"629,0,0.15"
"630,0,0.11"
"631,0,0.02"
"632,0,0.09"
"633,0,0.15"
"634,0,0.02"
"635,0,0.14"
"636,0,0.19"
"637,0,0.06"
"638,0,0.2"
"639,0,0.03"
"640,0,0.29"
"641,0,0.2"
"642,0,0.1"
"643,0,0.05"
"644,0,0.19"
"645,0,0.13"
"646,0,0.07"
"647,0,0.11"
"648,0,0.07"
"649,0,0.22"
"650,0,0.29"
"651,0,0.24"
"652,0,0.15"
"653,0,0.2"
"654,0,0.17"
"655,0,0.06"
"656,0,0.07"
"657,0,0.06"
"658,0,0.06"
"659,0,0.33"
"660,0,0.0"
"661,0,0.03"
"662,0,0.2"
"663,0,0.1"
"664,0,0.1"
"665,0,0.11"
"666,0,0.19"
"667,0,0.0"
"668,0,0.35"
"669,0,0.07"
"670,0,0.0"
"671,0,0.16"
"672,0,0.09"
"673,0,0.31"
"674,0,0.04"
"675,0,0.14"
"676,0,0.14"
"677,0,0.16"
"678,0,0.02"
"679,0,0.05"
"680,0,0.07"
"681,0,0.13"
"682,0,0.11"
"683,0,0.13"
"684,0,0.05"
"685,0,0.1"
"686,0,0.04"
"687,0,0.19"
"688,0,0.14"
"689,0,0.03"
"690,0,0.27"
"691,0,0.14"
"692,0,0.1"
"693,0,0.07"
"694,0,0.12"
"695,0,0.02"
"696,0,0.04"
"697,0,0.07"
"698,0,0.06"
"699,0,0.1"
"700,0,0.08"
"701,0,0.09"
"702,0,0.22"
"703,0,0.18"
"704,0,0.18"
"705,0,0.22"
"706,0,0.12"
"707,0,0.25"
"708,0,0.03"
"709,0,0.0"
"710,0,0.05"
"711,0,0.22"
"712,0,0.08"
"713,0,0.02"
"714,0,0.05"
"715,0,0.18"
"716,0,0.125"
"717,0,0.06"
"718,0,0.07"
"719,0,0.07"
"720,0,0.08"
"721,0,0.1"
"722,0,0.2"
"723,0,0.0"
"724,0,0.29"
"725,0,0.32"
"726,0,0.23"
"727,0,0.07"
"728,0,0.1"
"729,0,0.03"
"730,0,0.05"
"731,0,0.24"
"732,0,0.13"
"733,0,0.16"
"734,0,0.15"
"735,0,0.22"
"736,0,0.18"
"737,0,0.04"
"738,0,0.05"
"739,0,0.17"
"740,0,0.18"
"741,0,0.04"
"742,0,0.11"
"743,0,0.43"
"744,0,0.08"
"745,0,0.08"
"746,0,0.08"
"747,0,0.23"
"748,0,0.09"
"749,0,0.28"
"750,0,0.15"
"751,0,0.03"
"752,0,0.14"
"753,0,0.03"
"754,0,0.16"
"755,0,0.17"
"756,0,0.18"
"757,0,0.06"
"758,0,0.03"
"759,0,0.05"
"760,0,0.14"
"761,0,0.1"
"762,0,0.15"
"763,0,0.0"
"764,0,0.33"
"765,0,0.07"
"766,0,0.2"
"767,0,0.08"
"768,0,0.0"
"769,0,0.031363636363636364"
"770,0,0.05"
"771,0,0.03"
"772,0,0.01"
"773,0,0.04"
"774,0,0.04"
"775,0,0.09"
"776,0,0.14"
"777,0,0.18"
"778,0,0.01"
"779,0,0.08"
"780,0,0.11"
"781,0,0.0"
"782,0,0.05"
"783,0,0.02"
"784,0,0.1"
"785,1,0.93"
"786,0,0.2"
"787,0,0.14"
"788,0,0.08"
"789,0,0.11"
"790,0,0.13"
"791,0,0.18"
"792,0,0.03"
"793,1,0.64"
"794,0,0.2"
"795,0,0.13"
"796,0,0.08"
"797,1,0.86"
"798,0,0.16"
"799,0,0.11"
"800,0,0.02"
"801,0,0.09"
"802,0,0.01"
"803,0,0.03"
"804,0,0.06"
"805,0,0.01"
"806,0,0.13"
"807,0,0.08"
"808,0,0.37"
"809,0,0.07"
"810,0,0.14"
"811,0,0.12"
"812,0,0.09"
"813,0,0.08"
"814,0,0.22"
"815,0,0.06"
"816,0,0.16"
"817,0,0.05"
"818,0,0.06"
"819,0,0.2"
"820,0,0.06"
"821,0,0.0"
"822,0,0.02"
"823,0,0.09"
"824,1,0.98"
"825,0,0.05"
"826,0,0.09"
"827,0,0.13"
"828,0,0.33"
"829,0,0.2"
"830,0,0.19"
"831,0,0.195"
"832,0,0.23"
"833,0,0.14"
"834,0,0.08"
"835,0,0.03"
"836,0,0.2"
"837,0,0.02"
"838,0,0.22"
"839,0,0.31"
"840,0,0.07"
"841,0,0.21"
"842,0,0.21"
"843,0,0.02"
"844,0,0.13"
"845,0,0.06"
"846,0,0.0"
"847,0,0.08"
"848,0,0.04"
"849,0,0.1"
"850,0,0.03"
"851,0,0.11"
"852,0,0.11"
"853,0,0.07"
"854,0,0.1"
"855,0,0.11"
"856,0,0.15"
"857,0,0.14"
"858,0,0.1"
"859,0,0.26"
"860,0,0.22"
"861,0,0.05"
"862,0,0.09"
"863,0,0.09"
"864,0,0.17"
"865,0,0.03"
"866,0,0.06"
"867,0,0.05"
"868,0,0.08"
"869,0,0.03"
"870,0,0.17"
"871,0,0.13"
"872,0,0.17"
"873,0,0.09"
"874,0,0.06"
"875,0,0.08"
"876,0,0.14"
"877,0,0.14"
"878,0,0.21"
"879,0,0.09"
"880,0,0.13"
"881,0,0.1"
"882,0,0.11"
"883,0,0.0"
"884,0,0.03"
"885,0,0.09"
"886,0,0.05"
"887,0,0.05"
"888,0,0.1"
"889,0,0.16"
"890,0,0.08"
"891,0,0.09"
"892,0,0.02"
"893,0,0.16"
"894,0,0.18"
"895,0,0.06"
"896,0,0.01"
"897,0,0.34590909090909094"
"898,0,0.06"
"899,0,0.06"
"900,0,0.09"
"901,0,0.04"
"902,0,0.07"
"903,0,0.23"
"904,0,0.04"
"905,0,0.03"
"906,0,0.12"
"907,0,0.06"
"908,0,0.27"
"909,0,0.0"
"910,0,0.11"
"911,0,0.13"
"912,0,0.06"
"913,0,0.03"
"914,0,0.02"
"915,0,0.0"
"916,0,0.1"
"917,0,0.1"
"918,0,0.03"
"919,0,0.02"
"920,0,0.04"
"921,0,0.01"
"922,0,0.11"
"923,0,0.1"
"924,0,0.07"
"925,0,0.08"
"926,0,0.16"
"927,0,0.04"
"928,0,0.17"
"929,0,0.34"
"930,0,0.09"
"931,0,0.23"
"932,0,0.0"
"933,0,0.03"
"934,0,0.02"
"935,0,0.0"
"936,0,0.14"
"937,0,0.03"
"938,0,0.17"
"939,0,0.05"
"940,0,0.06"
"941,0,0.06"
"942,0,0.07"
"943,0,0.04"
"944,0,0.05"
"945,0,0.29"
"946,0,0.01"
"947,0,0.14"
"948,0,0.16"
"949,0,0.21"
"950,0,0.07136363636363637"
"951,0,0.04"
"952,0,0.05"
"953,0,0.17"
"954,0,0.07"
"955,0,0.06"
"956,0,0.44"
"957,0,0.0"
"958,0,0.25"
"959,0,0.0"
"960,0,0.07"
"961,0,0.07"
"962,0,0.01"
"963,0,0.2"
"964,0,0.16"
"965,0,0.06"
"966,0,0.12"
"967,0,0.21"
"968,0,0.29"
"969,0,0.13"
"970,0,0.01"
"971,0,0.07"
"972,0,0.14"
"973,0,0.06"
"974,0,0.2"
"975,0,0.09"
"976,0,0.07"
"977,0,0.04"
"978,0,0.06"
"979,0,0.07"
"980,0,0.03"
"981,0,0.17"
"982,0,0.11"
"983,0,0.28"
"984,0,0.1"
"985,0,0.36"
"986,0,0.11"
"987,0,0.09"
"988,0,0.16"
"989,0,0.07"
"990,1,0.55"
"991,0,0.17"
"992,0,0.12"
"993,0,0.12"
"994,0,0.07"
"995,0,0.1"
"996,0,0.16"
"997,0,0.18"
"998,0,0.04"
"999,0,0.05"
"1000,0,0.0"
"1001,0,0.16"
"1002,0,0.04"
"1003,0,0.07"
"1004,0,0.06"
"1005,0,0.06"
"1006,0,0.1"
"1007,0,0.26"
"1008,0,0.09"
"1009,0,0.04"
"1010,0,0.07"
"1011,0,0.02"
"1012,0,0.17"
"1013,0,0.11"
"1014,0,0.25"
"1015,0,0.16136363636363638"
"1016,0,0.2"
"1017,0,0.06"
"1018,0,0.13"
"1019,0,0.13"
"1020,0,0.11"
"1021,0,0.06"
"1022,0,0.12"
"1023,0,0.04"
"1024,0,0.0"
"1025,0,0.1"
"1026,0,0.06"
"1027,0,0.36"
"1028,0,0.14"
"1029,0,0.09"
"1030,0,0.03"
"1031,0,0.08"
"1032,0,0.12"
"1033,0,0.04"
"1034,0,0.11"
"1035,0,0.1"
"1036,0,0.05"
"1037,0,0.07"
"1038,0,0.02"
"1039,0,0.04"
"1040,0,0.16"
"1041,0,0.12"
"1042,0,0.17"
"1043,0,0.09"
"1044,0,0.07"
"1045,0,0.18"
"1046,0,0.03"
"1047,0,0.03"
"1048,0,0.16"
"1049,0,0.08"
"1050,0,0.0"
"1051,0,0.06"
"1052,0,0.12"
"1053,0,0.07"
"1054,0,0.04"
"1055,0,0.31"
"1056,0,0.17"
"1057,0,0.14"
"1058,0,0.15"
"1059,0,0.1"
"1060,0,0.0"
"1061,0,0.08"
"1062,0,0.07"
"1063,0,0.28"
"1064,0,0.08"
"1065,0,0.09"
"1066,0,0.06"
"1067,0,0.41"
"1068,0,0.02"
"1069,0,0.0"
"1070,0,0.04"
"1071,0,0.32"
"1072,0,0.05"
"1073,0,0.01"
"1074,0,0.04"
"1075,0,0.01"
"1076,0,0.07"
"1077,0,0.26"
"1078,0,0.11"
"1079,0,0.1"
"1080,0,0.17"
"1081,0,0.08"
"1082,0,0.07"
"1083,0,0.27"
"1084,0,0.12"
"1085,0,0.02"
"1086,0,0.0"
"1087,0,0.06"
"1088,0,0.1"
"1089,0,0.06"
"1090,0,0.25"
"1091,0,0.17"
"1092,0,0.09"
"1093,0,0.21"
"1094,0,0.13"
"1095,0,0.04"
"1096,0,0.26"
"1097,0,0.14"
"1098,0,0.08"
"1099,0,0.02"
"1100,0,0.12"
"1101,0,0.08"
"1102,0,0.1"
"1103,0,0.08"
"1104,0,0.05"
"1105,0,0.3"
"1106,0,0.27"
"1107,0,0.03"
"1108,0,0.11"
"1109,0,0.06"
"1110,0,0.04"
"1111,0,0.19"
"1112,0,0.03"
"1113,0,0.11"
"1114,0,0.04"
"1115,0,0.08"
"1116,0,0.03"
"1117,0,0.03"
"1118,0,0.01"
"1119,0,0.02"
"1120,0,0.27"
"1121,0,0.02"
"1122,0,0.17"
"1123,0,0.05"
"1124,0,0.09"
"1125,0,0.06"
"1126,0,0.17"
"1127,0,0.15"
"1128,0,0.27"
"1129,0,0.14"
"1130,0,0.22"
"1131,0,0.05"
"1132,0,0.05136363636363637"
"1133,0,0.24"
"1134,0,0.14"
"1135,0,0.09"
"1136,0,0.06"
"1137,0,0.12"
"1138,0,0.05"
"1139,0,0.07"
"1140,0,0.16"
"1141,0,0.28"
"1142,0,0.04"
"1143,0,0.11"
"1144,0,0.03"
"1145,0,0.13"
"1146,0,0.02"
"1147,0,0.2"
"1148,0,0.12"
"1149,0,0.01"
"1150,0,0.1"
"1151,0,0.01"
"1152,0,0.07"
"1153,0,0.16"
"1154,0,0.19"
"1155,0,0.12"
"1156,0,0.01"
"1157,1,0.66"
"1158,0,0.15"
"1159,0,0.08"
"1160,0,0.11"
"1161,0,0.0"
"1162,0,0.16"
"1163,0,0.12"
"1164,0,0.09"
"1165,0,0.03"
"1166,0,0.1"
"1167,0,0.01"
"1168,0,0.14"
"1169,0,0.01"
"1170,0,0.08"
"1171,0,0.02"
"1172,0,0.3"
"1173,0,0.06"
"1174,0,0.11"
"1175,0,0.11"
"1176,0,0.03"
"1177,0,0.15"
"1178,0,0.04"
"1179,0,0.06"
"1180,0,0.05"
"1181,0,0.06"
"1182,0,0.01"
"1183,0,0.19"
"1184,0,0.06"
"1185,0,0.05"
"1186,0,0.12"
"1187,0,0.05"
"1188,0,0.01"
"1189,0,0.26"
"1190,0,0.09"
"1191,0,0.17"
"1192,0,0.02"
"1193,0,0.02"
"1194,0,0.07"
"1195,0,0.12"
"1196,0,0.13"
"1197,0,0.08"
"1198,0,0.32"
"1199,0,0.25"
"1200,0,0.03"
"1201,0,0.08"
"1202,0,0.11"
"1203,0,0.04"
"1204,0,0.12"
"1205,0,0.44"
"1206,0,0.39"
"1207,0,0.1"
"1208,0,0.24"
"1209,0,0.11"
"1210,0,0.11"
"1211,0,0.06"
"1212,0,0.2"
"1213,0,0.2959090909090909"
"1214,0,0.08"
"1215,0,0.15"
"1216,0,0.03"
"1217,0,0.02"
"1218,0,0.06"
"1219,0,0.47590909090909095"
"1220,0,0.04"
"1221,0,0.17"
"1222,0,0.11"
"1223,0,0.13"
"1224,0,0.15"
"1225,0,0.375"
"1226,0,0.01"
"1227,0,0.1"
"1228,0,0.0"
"1229,0,0.11"
"1230,0,0.22"
"1231,0,0.39"
"1232,0,0.04"
"1233,0,0.17"
"1234,0,0.06"
"1235,0,0.13"
"1236,0,0.2"
"1237,0,0.16"
"1238,0,0.02"
"1239,0,0.12"
"1240,0,0.27"
"1241,0,0.09"
"1242,0,0.0"
"1243,0,0.07"
"1244,0,0.16"
"1245,0,0.22"
"1246,0,0.07"
"1247,0,0.23"
"1248,0,0.14"
"1249,0,0.06"
"1250,0,0.07"
"1251,0,0.04"
"1252,0,0.01"
"1253,0,0.04"
"1254,0,0.07"
"1255,0,0.32"
"1256,0,0.16"
"1257,0,0.04"
"1258,0,0.05"
"1259,0,0.09"
"1260,0,0.1"
"1261,0,0.05"
"1262,0,0.12"
"1263,0,0.15"
"1264,0,0.13"
"1265,0,0.04"
"1266,0,0.0"
"1267,0,0.21"
"1268,0,0.1"
"1269,0,0.02"
"1270,0,0.27"
"1271,0,0.11"
"1272,0,0.05"
"1273,0,0.14"
"1274,0,0.02"
"1275,0,0.03"
"1276,0,0.39"
"1277,0,0.33"
"1278,0,0.04"
"1279,0,0.12"
"1280,0,0.02"
"1281,0,0.11"
"1282,0,0.2"
"1283,0,0.03"
"1284,0,0.11"
"1285,0,0.34590909090909094"
"1286,0,0.05"
"1287,0,0.35"
"1288,0,0.14"
"1289,0,0.06"
"1290,0,0.21"
"1291,0,0.04"
"1292,0,0.07"
"1293,0,0.06"
"1294,0,0.09"
"1295,0,0.02"
"1296,0,0.03"
"1297,0,0.13"
"1298,0,0.13"
"1299,0,0.34"
"1300,0,0.04"
"1301,0,0.17"
"1302,0,0.27"
"1303,0,0.25"
"1304,0,0.28"
"1305,0,0.03"
"1306,0,0.22"
"1307,0,0.11"
"1308,0,0.02"
"1309,0,0.1"
"1310,0,0.14"
"1311,0,0.14"
"1312,0,0.05"
"1313,0,0.08"
"1314,0,0.06"
"1315,0,0.04"
"1316,0,0.09"
"1317,0,0.02"
"1318,0,0.13"
"1319,0,0.1"
"1320,0,0.05"
"1321,1,0.52"
"1322,0,0.1"
"1323,0,0.21"
"1324,0,0.07"
"1325,0,0.06"
"1326,0,0.05"
"1327,0,0.14"
"1328,0,0.04"
"1329,0,0.01"
"1330,0,0.03"
"1331,0,0.02"
"1332,0,0.05"
"1333,0,0.18"
"1334,0,0.24"
"1335,0,0.1"
"1336,0,0.05"
"1337,0,0.1"
"1338,0,0.05"
"1339,0,0.06"
"1340,0,0.04"
"1341,0,0.16"
"1342,0,0.12"
"1343,0,0.08"
"1344,0,0.07"
"1345,0,0.0"
"1346,0,0.0"
"1347,0,0.11"
"1348,0,0.2913636363636364"
"1349,0,0.12"
"1350,0,0.03"
"1351,0,0.03"
"1352,0,0.2"
"1353,0,0.11"
"1354,0,0.29"
"1355,0,0.07"
"1356,0,0.38"
"1357,0,0.39"
"1358,0,0.0"
"1359,0,0.09"
"1360,0,0.25"
"1361,0,0.04"
"1362,0,0.02"
"1363,0,0.0"
"1364,0,0.23"
"1365,0,0.19"
"1366,0,0.07"
"1367,0,0.11"
"1368,0,0.08"
"1369,0,0.16"
"1370,1,0.54"
"1371,0,0.01"
"1372,0,0.01"
"1373,0,0.08"
"1374,0,0.01"
"1375,0,0.03"
"1376,0,0.11"
"1377,0,0.1"
"1378,0,0.08"
"1379,0,0.06"
"1380,0,0.15"
"1381,0,0.09"
"1382,0,0.19"
"1383,0,0.08"
"1384,0,0.15"
"1385,0,0.13"
"1386,0,0.21"
"1387,0,0.0"
"1388,0,0.32"
"1389,0,0.23"
"1390,0,0.04"
"1391,0,0.1"
"1392,0,0.45"
"1393,0,0.16"
"1394,0,0.05"
"1395,0,0.06"
"1396,0,0.0"
"1397,0,0.01"
"1398,0,0.11"
"1399,0,0.04"
"1400,0,0.16"
"1401,0,0.04"
"1402,0,0.04"
"1403,0,0.16"
"1404,0,0.09"
"1405,0,0.02"
"1406,0,0.14"
"1407,0,0.18"
"1408,0,0.08"
"1409,0,0.03"
"1410,0,0.12"
"1411,0,0.09"
"1412,0,0.05"
"1413,0,0.09"
"1414,0,0.0"
"1415,0,0.18"
"1416,0,0.16"
"1417,0,0.0"
"1418,0,0.03"
"1419,0,0.1"
"1420,0,0.05"
"1421,0,0.09"
"1422,0,0.05"
"1423,0,0.22"
"1424,0,0.05"
"1425,0,0.22"
"1426,0,0.0"
"1427,0,0.05"
"1428,0,0.07"
"1429,0,0.04"
"1430,0,0.01"
"1431,0,0.01"
"1432,0,0.3"
"1433,0,0.32"
"1434,0,0.1"
"1435,0,0.12"
"1436,0,0.23"
"1437,0,0.08"
"1438,0,0.04"
"1439,0,0.04"
"1440,0,0.08"
"1441,0,0.15"
"1442,0,0.03"
"1443,0,0.16"
"1444,0,0.16"
"1445,0,0.19"
"1446,0,0.16"
"1447,0,0.11"
"1448,0,0.04"
"1449,0,0.07"
"1450,0,0.03"
"1451,0,0.05"
"1452,0,0.04"
"1453,0,0.07"
"1454,0,0.28"
"1455,0,0.17"
"1456,0,0.05"
"1457,0,0.03"
"1458,0,0.14"
"1459,0,0.04"
"1460,0,0.03"
"1461,0,0.18"
"1462,0,0.08"
"1463,0,0.13"
"1464,0,0.31"
"1465,0,0.05"
"1466,0,0.31"
"1467,0,0.09"
"1468,0,0.1"
"1469,0,0.06"
"1470,0,0.02"
"1471,0,0.07"
"1472,0,0.33"
"1473,0,0.11"
"1474,0,0.2"
"1475,0,0.1"
"1476,0,0.16"
"1477,0,0.08"
"1478,0,0.05"
"1479,0,0.04"
"1480,0,0.18"
"1481,0,0.15"
"1482,0,0.03"
"1483,0,0.05"
"1484,0,0.01"
"1485,0,0.14"
"1486,0,0.17"
"1487,0,0.2"
"1488,0,0.08"
"1489,0,0.07"
"1490,0,0.17"
"1491,0,0.16"
"1492,0,0.08"
"1493,0,0.29"
"1494,0,0.18"
"1495,0,0.05"
"1496,0,0.14"
"1497,0,0.02"
"1498,0,0.38"
"1499,0,0.1"
"1500,0,0.3"
"1501,0,0.05"
"1502,0,0.05"
"1503,0,0.02"
"1504,0,0.04"
"1505,0,0.25"
"1506,0,0.04"
"1507,0,0.2"
"1508,0,0.09"
"1509,0,0.14"
"1510,0,0.12"
"1511,0,0.06"
"1512,0,0.14"
"1513,0,0.05"
"1514,0,0.06"
"1515,0,0.08"
"1516,0,0.05"
"1517,0,0.15"
"1518,0,0.07"
"1519,0,0.1"
"1520,0,0.17"
"1521,0,0.06"
"1522,0,0.14"
"1523,0,0.06"
"1524,0,0.03"
"1525,0,0.25"
"1526,0,0.02"
"1527,0,0.04"
"1528,0,0.04"
"1529,0,0.05"
"1530,0,0.07"
"1531,0,0.01"
"1532,0,0.0"
"1533,0,0.16"
"1534,0,0.08"
"1535,0,0.02"
"1536,0,0.0"
"1537,0,0.05"
"1538,0,0.11"
"1539,0,0.09"
"1540,0,0.04"
"1541,0,0.03"
"1542,0,0.07"
"1543,0,0.13"
"1544,0,0.1"
"1545,0,0.05"
"1546,0,0.2"
"1547,0,0.05"
"1548,0,0.01"
"1549,0,0.09"
"1550,0,0.18"
"1551,0,0.13"
"1552,0,0.09"
"1553,0,0.17"
"1554,0,0.21"
"1555,0,0.06"
"1556,0,0.18"
"1557,0,0.0"
"1558,0,0.15"
"1559,0,0.06"
"1560,0,0.03"
"1561,0,0.08"
"1562,0,0.15"
"1563,0,0.02"
"1564,0,0.07"
"1565,0,0.05"
"1566,0,0.09"
"1567,0,0.1"
"1568,0,0.16"
"1569,0,0.04"
"1570,0,0.06"
"1571,0,0.02"
"1572,0,0.01"
"1573,0,0.08"
"1574,0,0.02"
"1575,0,0.06"
"1576,0,0.18"
"1577,0,0.05"
"1578,0,0.14"
"1579,0,0.11"
"1580,0,0.14"
"1581,0,0.16"
"1582,0,0.14"
"1583,0,0.05"
"1584,0,0.01"
"1585,0,0.22"
"1586,0,0.15"
"1587,0,0.1"
"1588,0,0.24"
"1589,0,0.07"
"1590,0,0.01"
"1591,0,0.12"
"1592,0,0.12"
"1593,0,0.04"
"1594,0,0.24"
"1595,0,0.1"
"1596,0,0.15"
"1597,0,0.12"
"1598,0,0.0"
"1599,0,0.03"
"1600,0,0.1"
"1601,0,0.13"
"1602,0,0.02"
"1603,0,0.05"
"1604,0,0.18"
"1605,0,0.11"
"1606,0,0.02"
"1607,0,0.14"
"1608,0,0.06136363636363637"
"1609,0,0.15"
"1610,0,0.08"
"1611,0,0.11"
"1612,0,0.1"
"1613,0,0.26"
"1614,0,0.02"
"1615,0,0.01"
"1616,0,0.41"
"1617,0,0.2"
"1618,0,0.01"
"1619,0,0.15"
"1620,0,0.04"
"1621,0,0.1"
"1622,0,0.0"
"1623,0,0.05"
"1624,0,0.03"
"1625,0,0.01"
"1626,0,0.09"
"1627,0,0.06"
"1628,0,0.05"
"1629,0,0.06"
"1630,0,0.04"
"1631,0,0.0"
"1632,0,0.22"
"1633,0,0.06"
"1634,0,0.1"
"1635,0,0.14"
"1636,0,0.06"
"1637,0,0.11"
"1638,0,0.11"
"1639,0,0.2"
"1640,0,0.01"
"1641,0,0.09"
"1642,0,0.07"
"1643,0,0.01"
"1644,0,0.01"
"1645,0,0.08"
"1646,0,0.03"
"1647,0,0.02"
"1648,0,0.04"
"1649,0,0.37"
"1650,0,0.13"
"1651,0,0.03"
"1652,0,0.02"
"1653,0,0.04"
"1654,0,0.03"
"1655,0,0.18"
"1656,0,0.04"
"1657,0,0.1"
"1658,0,0.07"
"1659,0,0.07"
"1660,0,0.13"
"1661,0,0.07"
"1662,0,0.21"
"1663,0,0.07"
"1664,0,0.05"
"1665,0,0.08"
"1666,0,0.07"
"1667,0,0.09"
"1668,0,0.01"
"1669,0,0.04"
"1670,0,0.15"
"1671,0,0.12"
"1672,0,0.15"
"1673,0,0.07"
"1674,0,0.13"
"1675,0,0.17"
"1676,0,0.05"
"1677,0,0.11"
"1678,0,0.05"
"1679,0,0.16"
"1680,0,0.14"
"1681,0,0.05"
"1682,0,0.08"
"1683,0,0.09"
"1684,0,0.11"
"1685,0,0.08"
"1686,0,0.01"
"1687,0,0.01"
"1688,0,0.40590909090909094"
"1689,0,0.0"
"1690,0,0.06"
"1691,0,0.05"
"1692,0,0.11"
"1693,0,0.1"
"1694,0,0.16"
"1695,0,0.03"
"1696,0,0.1"
"1697,0,0.12"
"1698,0,0.05"
"1699,0,0.11"
"1700,0,0.07"
"1701,0,0.1"
"1702,0,0.1"
"1703,0,0.33"
"1704,0,0.39"
"1705,0,0.08"
"1706,0,0.08"
"1707,0,0.02"
"1708,0,0.11"
"1709,0,0.02"
"1710,0,0.12"
"1711,0,0.07"
"1712,0,0.2"
"1713,0,0.28"
"1714,0,0.09"
"1715,0,0.06"
"1716,0,0.07"
"1717,0,0.02"
"1718,0,0.1"
"1719,0,0.04"
"1720,0,0.1"
"1721,0,0.28"
"1722,0,0.03"
"1723,0,0.1"
"1724,0,0.17"
"1725,0,0.2"
"1726,0,0.14"
"1727,0,0.02"
"1728,0,0.0"
"1729,0,0.09"
"1730,0,0.11"
"1731,0,0.2"
"1732,0,0.05"
"1733,0,0.13"
"1734,0,0.19"
"1735,0,0.12"
"1736,0,0.23"
"1737,0,0.15"
"1738,0,0.09"
"1739,0,0.2"
"1740,0,0.02"
"1741,0,0.05"
"1742,0,0.05"
"1743,0,0.17"
"1744,0,0.12"
"1745,0,0.04"
"1746,0,0.08"
"1747,0,0.02"
"1748,0,0.14"
"1749,0,0.18"
"1750,0,0.1"
"1751,0,0.14"
"1752,0,0.01"
"1753,0,0.18"
"1754,0,0.0"
"1755,0,0.35"
"1756,0,0.13"
"1757,0,0.08"
"1758,0,0.12"
"1759,0,0.18"
"1760,0,0.14"
"1761,0,0.19"
"1762,1,0.74"
"1763,0,0.24"
"1764,0,0.04"
"1765,0,0.15"
"1766,0,0.03"
"1767,0,0.13"
"1768,0,0.15"
"1769,0,0.14"
"1770,0,0.08"
"1771,0,0.09"
"1772,0,0.02"
"1773,0,0.09"
"1774,0,0.16"
"1775,0,0.09"
"1776,0,0.12"
"1777,0,0.13"
"1778,0,0.16"
"1779,0,0.1"
"1780,0,0.16"
"1781,0,0.2"
"1782,0,0.02"
"1783,0,0.05"
"1784,0,0.09"
"1785,0,0.07"
"1786,0,0.16"
"1787,0,0.03"
"1788,0,0.04"
"1789,0,0.04"
"1790,0,0.07"
"1791,0,0.17"
"1792,0,0.02"
"1793,0,0.1"
"1794,0,0.11"
"1795,0,0.07"
"1796,0,0.06"
"1797,0,0.07"
"1798,0,0.11"
"1799,0,0.19"
"1800,1,0.62"
"1801,0,0.01"
"1802,0,0.02"
"1803,0,0.05"
"1804,0,0.05"
"1805,0,0.18"
"1806,0,0.2"
"1807,0,0.03"
"1808,0,0.23"
"1809,0,0.03"
"1810,0,0.05"
"1811,0,0.07"
"1812,0,0.08"
"1813,0,0.1"
"1814,0,0.12"
"1815,0,0.09"
"1816,0,0.06"
"1817,0,0.0"
"1818,0,0.06"
"1819,0,0.1"
"1820,0,0.11"
"1821,0,0.09"
"1822,0,0.04"
"1823,0,0.18"
"1824,0,0.03"
"1825,0,0.04"
"1826,0,0.1"
"1827,0,0.05"
"1828,0,0.09"
"1829,0,0.07"
"1830,0,0.11"
"1831,0,0.05"
"1832,0,0.08"
"1833,0,0.11"
"1834,0,0.07"
"1835,0,0.08"
"1836,0,0.02"
"1837,0,0.02"
"1838,0,0.16"
"1839,0,0.01"
"1840,0,0.02"
"1841,0,0.25"
"1842,0,0.34"
"1843,0,0.03"
"1844,0,0.1"
"1845,0,0.04"
"1846,0,0.21"
"1847,0,0.02"
"1848,0,0.24"
"1849,0,0.12"
"1850,0,0.14"
"1851,0,0.09"
"1852,0,0.14"
"1853,0,0.1"
"1854,0,0.06"
"1855,0,0.21"
"1856,0,0.22"
"1857,0,0.02"
"1858,0,0.14"
"1859,0,0.12"
"1860,0,0.23"
"1861,0,0.09"
"1862,0,0.11"
"1863,0,0.09"
"1864,0,0.12"
"1865,0,0.03"
"1866,0,0.05"
"1867,0,0.07"
"1868,0,0.13"
"1869,0,0.01"
"1870,0,0.02"
"1871,0,0.13"
"1872,0,0.09"
"1873,0,0.02"
"1874,0,0.13"
"1875,0,0.09"
"1876,0,0.19"
"1877,0,0.21"
"1878,0,0.04"
"1879,0,0.17"
"1880,0,0.01"
"1881,0,0.1"
"1882,0,0.02"
"1883,0,0.06"
"1884,0,0.03"
"1885,0,0.29"
"1886,0,0.21"
"1887,0,0.03"
"1888,0,0.02"
"1889,0,0.08"
"1890,0,0.02"
"1891,0,0.12"
"1892,0,0.1"
"1893,0,0.03"
"1894,0,0.09"
"1895,0,0.03"
"1896,0,0.04"
"1897,0,0.01"
"1898,0,0.07"
"1899,0,0.1"
"1900,0,0.04"
"1901,0,0.05"
"1902,0,0.26"
"1903,0,0.09"
"1904,0,0.05"
"1905,0,0.13"
"1906,0,0.03"
"1907,0,0.07"
"1908,0,0.02"
"1909,0,0.08"
"1910,0,0.23"
"1911,0,0.19"
"1912,0,0.04"
"1913,0,0.1"
"1914,0,0.09"
"1915,0,0.04"
"1916,0,0.09"
"1917,0,0.04"
"1918,0,0.3"
"1919,0,0.23"
"1920,0,0.07"
"1921,0,0.0"
"1922,0,0.05"
"1923,0,0.0"
"1924,0,0.14"
"1925,0,0.17"
"1926,0,0.05"
"1927,0,0.37"
"1928,0,0.12"
"1929,0,0.04"
"1930,0,0.1"
"1931,0,0.17"
"1932,0,0.09"
"1933,0,0.03"
"1934,0,0.19"
"1935,0,0.06"
"1936,0,0.01"
"1937,0,0.122"
"1938,0,0.15"
"1939,0,0.07"
"1940,0,0.03"
"1941,0,0.01"
"1942,0,0.04"
"1943,0,0.1"
"1944,0,0.21"
"1945,0,0.08"
"1946,0,0.08"
"1947,0,0.28"
"1948,0,0.0"
"1949,0,0.13"
"1950,0,0.18"
"1951,0,0.15"
"1952,0,0.07"
"1953,0,0.11"
"1954,0,0.11"
"1955,0,0.08"
"1956,0,0.06"
"1957,0,0.09"
"1958,0,0.02"
"1959,0,0.17"
"1960,0,0.07"
"1961,0,0.07"
"1962,0,0.05"
"1963,0,0.03"
"1964,0,0.05"
"1965,0,0.05"
"1966,0,0.12"
"1967,0,0.02"
"1968,0,0.11"
"1969,0,0.12"
"1970,0,0.14"
"1971,0,0.01"
"1972,0,0.22"
"1973,0,0.15"
"1974,0,0.05"
"1975,0,0.24"
"1976,0,0.21"
"1977,0,0.03"
"1978,0,0.13"
"1979,0,0.24"
"1980,0,0.08"
"1981,0,0.04"
"1982,0,0.03"
"1983,0,0.05"
"1984,0,0.07"
"1985,0,0.29"
"1986,0,0.07"
"1987,0,0.03"
"1988,0,0.12"
"1989,0,0.15"
"1990,0,0.0"
"1991,0,0.07"
"1992,0,0.12"
"1993,0,0.01"
"1994,0,0.05"
"1995,0,0.0"
"1996,0,0.04"
"1997,0,0.09"
"1998,0,0.07"
"1999,0,0.1"
"2000,0,0.12"
"2001,0,0.34"
"2002,0,0.03"
"2003,0,0.09"
"2004,0,0.05"
"2005,0,0.19"
"2006,0,0.07"
"2007,0,0.01"
"2008,0,0.08"
"2009,0,0.27"
"2010,0,0.06"
"2011,0,0.39"
"2012,0,0.06"
"2013,0,0.09136363636363637"
"2014,0,0.04"
"2015,0,0.47"
"2016,0,0.01"
"2017,0,0.16"
"2018,0,0.09"
"2019,0,0.13"
"2020,0,0.06"
"2021,0,0.11"
"2022,0,0.15"
"2023,0,0.06"
"2024,0,0.03"
"2025,0,0.2659090909090909"
"2026,0,0.06"
"2027,0,0.18"
"2028,0,0.1"
"2029,0,0.08"
"2030,0,0.09"
"2031,0,0.18"
"2032,0,0.08"
"2033,0,0.18"
"2034,0,0.02"
"2035,0,0.13"
"2036,0,0.11"
"2037,0,0.08"
"2038,0,0.05"
"2039,0,0.08"
"2040,0,0.06"
"2041,0,0.03"
"2042,0,0.08"
"2043,0,0.13"
"2044,0,0.13"
"2045,0,0.02"
"2046,0,0.11"
"2047,0,0.04"
"2048,0,0.21"
"2049,0,0.1"
"2050,0,0.34"
"2051,0,0.05"
"2052,0,0.02"
"2053,0,0.05"
"2054,0,0.06"
"2055,0,0.09"
"2056,0,0.07"
"2057,0,0.3"
"2058,0,0.05"
"2059,0,0.16"
"2060,0,0.04"
"2061,0,0.18"
"2062,0,0.08"
"2063,0,0.05"
"2064,0,0.07"
"2065,0,0.3"
"2066,0,0.11"
"2067,0,0.03"
"2068,0,0.02"
"2069,0,0.09"
"2070,0,0.1"
"2071,0,0.1"
"2072,0,0.04"
"2073,0,0.09"
"2074,0,0.05"
"2075,0,0.15"
"2076,0,0.05"
"2077,0,0.34"
"2078,0,0.1"
"2079,1,0.51"
"2080,0,0.08"
"2081,0,0.35"
"2082,0,0.02"
"2083,0,0.04"
"2084,0,0.05"
"2085,0,0.15"
"2086,0,0.09"
"2087,0,0.02"
"2088,0,0.01"
"2089,0,0.05"
"2090,0,0.04"
"2091,0,0.1"
"2092,0,0.05"
"2093,0,0.09"
"2094,0,0.04"
"2095,0,0.02"
"2096,0,0.13"
"2097,0,0.04"
"2098,0,0.02"
"2099,0,0.2"
"2100,0,0.01"
"2101,0,0.17"
"2102,0,0.11"
"2103,0,0.37"
"2104,0,0.04"
"2105,0,0.03"
"2106,0,0.13"
"2107,0,0.07"
"2108,0,0.14"
"2109,0,0.13"
"2110,0,0.01"
"2111,0,0.21"
"2112,0,0.05"
"2113,0,0.02"
"2114,0,0.02"
"2115,0,0.33"
"2116,0,0.01"
"2117,0,0.09"
"2118,0,0.25"
"2119,0,0.02"
"2120,0,0.05"
"2121,0,0.05"
"2122,0,0.14"
"2123,0,0.05"
"2124,0,0.16"
"2125,0,0.08"
"2126,0,0.02"
"2127,0,0.1"
"2128,0,0.09"
"2129,0,0.02"
"2130,0,0.04"
"2131,0,0.08"
"2132,0,0.12"
"2133,0,0.27"
"2134,0,0.43"
"2135,0,0.02"
"2136,0,0.05"
"2137,0,0.08"
"2138,0,0.16"
"2139,0,0.02"
"2140,0,0.16"
"2141,0,0.2"
"2142,0,0.16"
"2143,0,0.09"
"2144,0,0.05"
"2145,0,0.23"
"2146,0,0.02"
"2147,0,0.15"
"2148,0,0.1"
"2149,0,0.02"
"2150,0,0.03"
"2151,0,0.04"
"2152,0,0.0"
"2153,0,0.13"
"2154,0,0.02"
"2155,0,0.28"
"2156,0,0.17"
"2157,0,0.1"
"2158,0,0.05"
"2159,0,0.15"
"2160,0,0.06"
"2161,0,0.04"
"2162,0,0.04"
"2163,0,0.16"
"2164,0,0.2"
"2165,0,0.01"
"2166,0,0.12"
"2167,0,0.01"
"2168,0,0.08"
"2169,0,0.09"
"2170,0,0.01"
"2171,0,0.22"
"2172,0,0.09"
"2173,0,0.01"
"2174,0,0.35"
"2175,0,0.09"
"2176,0,0.19"
"2177,0,0.16"
"2178,0,0.18"
"2179,0,0.07"
"2180,0,0.06"
"2181,0,0.07"
"2182,0,0.02"
"2183,0,0.08"
"2184,0,0.02"
"2185,0,0.0"
"2186,0,0.05"
"2187,0,0.12"
"2188,0,0.06"
"2189,0,0.04"
"2190,0,0.13"
"2191,0,0.04"
"2192,0,0.12"
"2193,0,0.04"
"2194,0,0.01"
"2195,0,0.03"
"2196,0,0.01"
"2197,0,0.02"
"2198,0,0.05"
"2199,0,0.01"
"2200,0,0.19"
"2201,0,0.12"
"2202,0,0.1"
"2203,0,0.1"
"2204,0,0.25"
"2205,0,0.06"
"2206,0,0.2"
"2207,0,0.15"
"2208,0,0.2"
"2209,0,0.14"
"2210,0,0.04"
"2211,0,0.3"
"2212,0,0.09"
"2213,0,0.34"
"2214,0,0.22"
"2215,0,0.05"
"2216,0,0.07"
"2217,0,0.01"
"2218,0,0.08"
"2219,0,0.11"
"2220,0,0.06"
"2221,0,0.09"
"2222,0,0.02"
"2223,0,0.06"
"2224,0,0.06"
"2225,0,0.05"
"2226,0,0.02"
"2227,0,0.21"
"2228,0,0.25"
"2229,0,0.04"
"2230,0,0.15"
"2231,0,0.12"
"2232,0,0.12"
"2233,0,0.09"
"2234,0,0.02"
"2235,0,0.17"
"2236,0,0.01"
"2237,0,0.01"
"2238,0,0.16"
"2239,0,0.05"
"2240,0,0.14"
"2241,0,0.06"
"2242,0,0.12"
"2243,0,0.36"
"2244,0,0.08"
"2245,0,0.11"
"2246,0,0.11"
"2247,0,0.14"
"2248,0,0.01"
"2249,0,0.02"
"2250,0,0.08"
"2251,0,0.06"
"2252,0,0.02"
"2253,0,0.05"
"2254,0,0.03"
"2255,0,0.09"
"2256,0,0.05"
"2257,0,0.07"
"2258,0,0.0"
"2259,0,0.23"
"2260,0,0.0"
"2261,0,0.05"
"2262,0,0.17"
"2263,0,0.03"
"2264,0,0.12"
"2265,0,0.06"
"2266,0,0.09"
"2267,0,0.02"
"2268,0,0.12"
"2269,0,0.14"
"2270,0,0.01"
"2271,0,0.03"
"2272,0,0.03"
"2273,0,0.06"
"2274,0,0.07"
"2275,0,0.14"
"2276,0,0.1"
"2277,0,0.5"
"2278,0,0.06"
"2279,0,0.07"
"2280,0,0.01"
"2281,0,0.24"
"2282,0,0.08"
"2283,0,0.04"
"2284,0,0.13"
"2285,0,0.08"
"2286,0,0.17"
"2287,0,0.031363636363636364"
"2288,0,0.16"
"2289,0,0.07"
"2290,0,0.0"
"2291,0,0.09"
"2292,0,0.16"
"2293,0,0.09"
"2294,0,0.06"
"2295,0,0.21"
"2296,0,0.05"
"2297,0,0.09"
"2298,0,0.24"
"2299,0,0.05"
"2300,0,0.02"
"2301,0,0.08"
"2302,0,0.25"
"2303,0,0.0"
"2304,0,0.09"
"2305,0,0.06"
"2306,0,0.06"
"2307,0,0.2"
"2308,0,0.1"
"2309,0,0.07"
"2310,0,0.09"
"2311,0,0.04"
"2312,0,0.14"
"2313,0,0.18"
"2314,0,0.06"
"2315,0,0.12"
"2316,0,0.13"
"2317,0,0.08"
"2318,0,0.14"
"2319,0,0.04"
"2320,0,0.2"
"2321,0,0.11"
"2322,0,0.01"
"2323,0,0.18"
"2324,0,0.12"
"2325,0,0.0"
"2326,0,0.25"
"2327,0,0.03"
"2328,0,0.17"
"2329,0,0.15"
"2330,0,0.1"
"2331,0,0.09"
"2332,0,0.11"
"2333,0,0.09"
"2334,0,0.01"
"2335,0,0.22"
"2336,0,0.14"
"2337,0,0.15"
"2338,0,0.19"
"2339,0,0.2"
"2340,0,0.11"
"2341,0,0.15"
"2342,0,0.03"
"2343,0,0.22"
"2344,0,0.26"
"2345,0,0.13"
"2346,0,0.26"
"2347,0,0.11"
"2348,0,0.12136363636363637"
"2349,0,0.05"
"2350,0,0.03"
"2351,0,0.01"
"2352,0,0.04"
"2353,0,0.04"
"2354,0,0.06"
"2355,0,0.2"
"2356,0,0.09"
"2357,0,0.02"
"2358,0,0.23"
"2359,0,0.04"
"2360,0,0.02"
"2361,0,0.03"
"2362,0,0.02"
"2363,0,0.12"
"2364,0,0.0"
"2365,0,0.11"
"2366,0,0.11"
"2367,0,0.44"
"2368,0,0.12"
"2369,0,0.03"
"2370,0,0.09"
"2371,0,0.05"
"2372,0,0.0"
"2373,0,0.04"
"2374,0,0.12"
"2375,0,0.02"
"2376,0,0.07"
"2377,0,0.01"
"2378,0,0.3"
"2379,0,0.08"
"2380,0,0.09"
"2381,0,0.01"
"2382,0,0.16"
"2383,0,0.09"
"2384,0,0.05"
"2385,0,0.21"
"2386,0,0.03"
"2387,0,0.17"
"2388,0,0.19"
"2389,0,0.04"
"2390,0,0.0"
"2391,0,0.01"
"2392,0,0.0"
"2393,0,0.05"
"2394,0,0.12"
"2395,0,0.0"
"2396,0,0.15"
"2397,0,0.05"
"2398,0,0.09"
"2399,0,0.02"
"2400,0,0.09"
"2401,0,0.0"
"2402,0,0.14"
"2403,0,0.03"
"2404,0,0.2"
"2405,0,0.2"
"2406,0,0.12"
"2407,0,0.25"
"2408,0,0.02"
"2409,0,0.02"
"2410,0,0.1"
"2411,0,0.06"
"2412,0,0.21"
"2413,0,0.01"
"2414,0,0.03"
"2415,0,0.34"
"2416,0,0.27"
"2417,0,0.05"
"2418,0,0.08"
"2419,0,0.19"
"2420,0,0.15"
"2421,0,0.05"
"2422,0,0.13"
"2423,0,0.04"
"2424,0,0.1"
"2425,0,0.08"
"2426,0,0.23"
"2427,0,0.19"
"2428,0,0.0"
"2429,0,0.12"
"2430,0,0.06"
"2431,0,0.21"
"2432,0,0.11"
"2433,0,0.06"
"2434,0,0.01"
"2435,0,0.11"
"2436,0,0.03"
"2437,0,0.07"
"2438,0,0.09"
"2439,0,0.1"
"2440,0,0.11"
"2441,0,0.09"
"2442,0,0.08"
"2443,0,0.21"
"2444,0,0.15"
"2445,0,0.23"
"2446,0,0.03"
"2447,0,0.18"
"2448,0,0.02"
"2449,0,0.05"
"2450,0,0.08"
"2451,0,0.13"
"2452,0,0.01"
"2453,0,0.22"
"2454,0,0.23"
"2455,0,0.08"
"2456,0,0.1"
"2457,0,0.18"
"2458,0,0.11"
"2459,0,0.03"
"2460,0,0.05"
"2461,0,0.12"
"2462,0,0.07"
"2463,0,0.18"
"2464,0,0.17"
"2465,0,0.25"
"2466,0,0.09"
"2467,0,0.02"
"2468,0,0.04"
"2469,0,0.08"
"2470,0,0.03"
"2471,0,0.04"
"2472,0,0.3"
"2473,0,0.01"
"2474,0,0.12"
"2475,0,0.15"
"2476,0,0.04"
"2477,0,0.1"
"2478,0,0.01"
"2479,0,0.06"
"2480,0,0.37"
"2481,0,0.09"
"2482,0,0.32"
"2483,0,0.09"
"2484,0,0.01"
"2485,0,0.14"
"2486,0,0.02"
"2487,0,0.06"
"2488,0,0.03"
"2489,0,0.14"
"2490,0,0.19"
"2491,0,0.1"
"2492,0,0.09"
"2493,0,0.1"
"2494,0,0.08"
"2495,0,0.17"
"2496,0,0.13"
"2497,0,0.11"
"2498,0,0.07"
"2499,0,0.04"
"2500,0,0.07"
"2501,0,0.31"
"2502,0,0.04"
"2503,0,0.02"
"2504,0,0.17"
"2505,0,0.03"
"2506,0,0.05"
"2507,0,0.04"
"2508,0,0.07"
"2509,0,0.06"
"2510,0,0.11"
"2511,0,0.13"
"2512,0,0.07"
"2513,0,0.06"
"2514,0,0.28"
"2515,0,0.03"
"2516,0,0.0"
"2517,0,0.13"
"2518,0,0.19"
"2519,0,0.1"
"2520,0,0.05"
"2521,0,0.08"
"2522,0,0.15"
"2523,0,0.21"
"2524,0,0.03"
"2525,0,0.06"
"2526,0,0.18"
"2527,0,0.12"
"2528,0,0.0"
"2529,0,0.29"
"2530,0,0.03"
"2531,0,0.01"
"2532,0,0.05"
"2533,0,0.17"
"2534,0,0.13"
"2535,0,0.2"
"2536,0,0.07"
"2537,0,0.08"
"2538,0,0.22"
"2539,0,0.0"
"2540,0,0.06"
"2541,0,0.06"
"2542,0,0.16"
"2543,0,0.11"
"2544,0,0.08"
"2545,0,0.04"
"2546,0,0.07"
"2547,0,0.12"
"2548,0,0.07"
"2549,0,0.02"
"2550,0,0.36"
"2551,0,0.06"
"2552,0,0.27"
"2553,0,0.1"
"2554,0,0.01"
"2555,0,0.21"
"2556,0,0.11"
"2557,0,0.19"
"2558,0,0.04"
"2559,0,0.01"
"2560,0,0.07"
"2561,0,0.2"
"2562,0,0.04"
"2563,0,0.21"
"2564,0,0.19"
"2565,0,0.15"
"2566,0,0.13"
"2567,1,0.61"
"2568,0,0.0"
"2569,0,0.11"
"2570,0,0.05"
"2571,0,0.06"
"2572,0,0.25"
"2573,0,0.24"
"2574,0,0.13"
"2575,0,0.13"
"2576,0,0.01"
"2577,0,0.03"
"2578,0,0.09"
"2579,0,0.1"
"2580,0,0.06"
"2581,0,0.3"
"2582,0,0.01"
"2583,0,0.14"
"2584,0,0.02"
"2585,0,0.07"
"2586,0,0.34"
"2587,0,0.08"
"2588,0,0.16"
"2589,0,0.335"
"2590,0,0.1"
"2591,0,0.01"
"2592,0,0.06"
"2593,0,0.14"
"2594,0,0.01"
"2595,0,0.11"
"2596,0,0.1"
"2597,0,0.04"
"2598,0,0.03"
"2599,0,0.06"
"2600,0,0.05"
"2601,0,0.1"
"2602,0,0.17"
"2603,0,0.11"
"2604,0,0.01"
"2605,0,0.0"
"2606,0,0.01"
"2607,0,0.16"
"2608,0,0.15"
"2609,0,0.1"
"2610,0,0.13136363636363638"
"2611,0,0.15"
"2612,0,0.11"
"2613,0,0.04"
"2614,0,0.08"
"2615,0,0.05"
"2616,0,0.0"
"2617,0,0.12"
"2618,0,0.12"
"2619,0,0.1"
"2620,0,0.1"
"2621,0,0.04"
"2622,0,0.05"
"2623,0,0.02"
"2624,0,0.05"
"2625,0,0.06"
"2626,0,0.02"
"2627,0,0.11"
"2628,0,0.08"
"2629,0,0.05"
"2630,0,0.12"
"2631,0,0.07"
"2632,0,0.02"
"2633,0,0.02"
"2634,0,0.19"
"2635,0,0.03"
"2636,0,0.06"
"2637,0,0.12"
"2638,0,0.1"
"2639,0,0.06"
"2640,0,0.06"
"2641,0,0.04"
"2642,0,0.27"
"2643,0,0.22"
"2644,0,0.22"
"2645,0,0.08"
"2646,0,0.07"
"2647,0,0.3"
"2648,0,0.02"
"2649,0,0.08"
"2650,0,0.14"
"2651,0,0.1"
"2652,0,0.29"
"2653,0,0.07"
"2654,0,0.09"
"2655,0,0.09"
"2656,0,0.24"
"2657,0,0.07"
"2658,0,0.07"
"2659,0,0.24"
"2660,0,0.05"
"2661,0,0.15"
"2662,0,0.16"
"2663,0,0.05"
"2664,0,0.01"
"2665,0,0.08"
"2666,0,0.24"
"2667,0,0.18"
"2668,0,0.28"
"2669,0,0.19"
"2670,0,0.08"
"2671,0,0.43"
"2672,0,0.16"
"2673,0,0.02"
"2674,0,0.08"
"2675,0,0.03"
"2676,0,0.13"
"2677,0,0.03"
"2678,0,0.08"
"2679,0,0.06"
"2680,0,0.1"
"2681,0,0.03"
"2682,0,0.12"
"2683,0,0.02"
"2684,0,0.08"
"2685,0,0.08"
"2686,0,0.01"
"2687,0,0.12"
"2688,0,0.1"
"2689,0,0.06"
"2690,0,0.2"
"2691,0,0.29"
"2692,0,0.04"
"2693,0,0.05"
"2694,0,0.26"
"2695,0,0.05"
"2696,0,0.0"
"2697,0,0.03"
"2698,0,0.23"
"2699,0,0.27"
"2700,0,0.18"
"2701,0,0.02"
"2702,0,0.09"
"2703,0,0.1"
"2704,0,0.04"
"2705,0,0.06"
"2706,0,0.03"
"2707,0,0.02"
"2708,0,0.15"
"2709,0,0.05"
"2710,0,0.11"
"2711,0,0.13"
"2712,0,0.06"
"2713,0,0.2"
"2714,0,0.06"
"2715,0,0.09"
"2716,0,0.06"
"2717,0,0.12"
"2718,0,0.06"
"2719,0,0.01"
"2720,0,0.24"
"2721,0,0.04"
"2722,0,0.14"
"2723,0,0.04"
"2724,0,0.03"
"2725,0,0.17"
"2726,0,0.04"
"2727,0,0.05"
"2728,0,0.04"
"2729,0,0.17"
"2730,0,0.23"
"2731,0,0.25"
"2732,0,0.03"
"2733,0,0.1"
"2734,0,0.05"
"2735,0,0.12"
"2736,0,0.0"
"2737,0,0.11"
"2738,0,0.02"
"2739,0,0.09"
"2740,0,0.13"
"2741,0,0.02"
"2742,0,0.25"
"2743,0,0.04"
"2744,0,0.01"
"2745,1,0.72"
"2746,0,0.18"
"2747,0,0.12"
"2748,0,0.07"
"2749,0,0.26"
"2750,0,0.04"
"2751,0,0.12"
"2752,0,0.39"
"2753,0,0.31"
"2754,0,0.05"
"2755,0,0.07"
"2756,0,0.03"
"2757,0,0.08"
"2758,0,0.18"
"2759,0,0.04"
"2760,0,0.18"
"2761,0,0.24"
"2762,0,0.26"
"2763,0,0.18"
"2764,0,0.25"
"2765,0,0.11"
"2766,0,0.1"
"2767,0,0.01"
"2768,0,0.05"
"2769,0,0.1"
"2770,0,0.13"
"2771,0,0.17"
"2772,0,0.02"
"2773,0,0.05"
"2774,0,0.0"
"2775,0,0.05"
"2776,0,0.37"
"2777,0,0.19"
"2778,0,0.06"
"2779,0,0.05"
"2780,0,0.09"
"2781,0,0.02"
"2782,0,0.12"
"2783,0,0.18"
"2784,0,0.02"
"2785,0,0.14"
"2786,0,0.19"
"2787,0,0.1"
"2788,0,0.08"
"2789,0,0.05"
"2790,0,0.04"
"2791,0,0.07"
"2792,0,0.19"
"2793,0,0.14"
"2794,0,0.05"
"2795,0,0.05"
"2796,0,0.09"
"2797,0,0.01"
"2798,0,0.04"
"2799,0,0.09"
"2800,0,0.18"
"2801,0,0.0"
"2802,0,0.05"
"2803,0,0.15"
"2804,0,0.13"
"2805,0,0.21"
"2806,0,0.04"
"2807,0,0.01"
"2808,0,0.07"
"2809,0,0.12"
"2810,0,0.08"
"2811,0,0.14"
"2812,0,0.07"
"2813,0,0.02"
"2814,0,0.2"
"2815,0,0.02"
"2816,0,0.16"
"2817,0,0.27"
"2818,0,0.11"
"2819,0,0.05"
"2820,0,0.11"
"2821,0,0.1"
"2822,0,0.13"
"2823,0,0.13"
"2824,0,0.06"
"2825,0,0.06"
"2826,0,0.11"
"2827,0,0.01"
"2828,0,0.16"
"2829,0,0.02"
"2830,0,0.05"
"2831,0,0.14"
"2832,0,0.02"
"2833,0,0.16"
"2834,0,0.25"
"2835,0,0.03"
"2836,0,0.08"
"2837,0,0.08"
"2838,0,0.03"
"2839,0,0.17"
"2840,0,0.08"
"2841,0,0.02"
"2842,0,0.06"
"2843,0,0.0"
"2844,0,0.16"
"2845,0,0.31"
"2846,0,0.04"
"2847,0,0.06"
"2848,0,0.01"
"2849,0,0.08"
"2850,0,0.15"
"2851,0,0.16"
"2852,0,0.26"
"2853,0,0.03"
"2854,0,0.16"
"2855,0,0.0"
"2856,0,0.01"
"2857,0,0.15"
"2858,0,0.19"
"2859,1,0.55"
"2860,0,0.13"
"2861,0,0.14"
"2862,0,0.02"
"2863,0,0.13"
"2864,0,0.08"
"2865,0,0.16"
"2866,0,0.03"
"2867,0,0.02"
"2868,0,0.14"
"2869,0,0.18"
"2870,0,0.09"
"2871,0,0.16"
"2872,0,0.15"
"2873,0,0.07"
"2874,0,0.11"
"2875,0,0.0"
"2876,1,0.55"
"2877,0,0.22"
"2878,0,0.1"
"2879,0,0.14"
"2880,0,0.08"
"2881,0,0.09"
"2882,0,0.09"
"2883,0,0.03"
"2884,0,0.18"
"2885,0,0.06"
"2886,0,0.03"
"2887,0,0.21"
"2888,0,0.1"
"2889,0,0.25"
"2890,0,0.42"
"2891,0,0.08"
"2892,0,0.08"
"2893,0,0.01"
"2894,0,0.02"
"2895,0,0.04"
"2896,0,0.01"
"2897,0,0.03"
"2898,0,0.07"
"2899,0,0.06"
"2900,0,0.14"
"2901,1,0.92"
"2902,0,0.46"
"2903,0,0.13"
"2904,0,0.0"
"2905,0,0.14"
"2906,0,0.17"
"2907,0,0.16"
"2908,0,0.09"
"2909,0,0.17"
"2910,0,0.04"
"2911,0,0.24"
"2912,0,0.02"
"2913,0,0.13"
"2914,0,0.03"
"2915,0,0.04"
"2916,0,0.0"
"2917,0,0.14"
"2918,0,0.02"
"2919,0,0.09"
"2920,0,0.03"
"2921,0,0.21"
"2922,0,0.05"
"2923,0,0.09"
"2924,0,0.31"
"2925,0,0.07"
"2926,0,0.24"
"2927,0,0.06"
"2928,0,0.35"
"2929,0,0.1"
"2930,0,0.12"
"2931,0,0.1"
"2932,0,0.19"
"2933,0,0.28"
"2934,0,0.07"
"2935,0,0.1"
"2936,0,0.12"
"2937,0,0.03"
"2938,0,0.09"
"2939,0,0.19"
"2940,0,0.1"
"2941,0,0.03"
"2942,0,0.01"
"2943,0,0.05"
"2944,0,0.04"
"2945,0,0.07"
"2946,0,0.1"
"2947,0,0.04"
"2948,0,0.13"
"2949,0,0.38"
"2950,0,0.14"
"2951,0,0.09"
"2952,0,0.11"
"2953,0,0.01"
"2954,0,0.33"
"2955,0,0.09"
"2956,0,0.1"
"2957,0,0.06"
"2958,0,0.13"
"2959,0,0.11"
"2960,0,0.01"
"2961,0,0.0"
"2962,0,0.28"
"2963,0,0.0"
"2964,0,0.05"
"2965,0,0.24"
"2966,0,0.24"
"2967,0,0.11"
"2968,0,0.13"
"2969,0,0.09"
"2970,0,0.07"
"2971,0,0.0"
"2972,0,0.06"
"2973,0,0.16"
"2974,0,0.34"
"2975,0,0.2"
"2976,0,0.13"
"2977,0,0.07"
"2978,0,0.29"
"2979,0,0.25"
"2980,0,0.34"
"2981,0,0.12"
"2982,0,0.16"
"2983,0,0.11"
"2984,0,0.16"
"2985,0,0.11"
"2986,0,0.04"
"2987,0,0.17"
"2988,0,0.14"
"2989,0,0.12"
"2990,0,0.04"
"2991,0,0.36"
"2992,0,0.06"
"2993,0,0.12"
"2994,0,0.06"
"2995,0,0.02"
"2996,0,0.03"
"2997,0,0.02"
"2998,0,0.08"
"2999,0,0.15"
"3000,0,0.06"
"3001,0,0.09"
"3002,0,0.09"
"3003,0,0.28"
"3004,0,0.12"
"3005,0,0.27"
"3006,0,0.14"
"3007,0,0.12"
"3008,0,0.24"
"3009,0,0.01"
"3010,0,0.35"
"3011,0,0.18"
"3012,0,0.04"
"3013,0,0.08"
"3014,0,0.24"
"3015,0,0.05"
"3016,0,0.03"
"3017,0,0.28"
"3018,0,0.03"
"3019,0,0.12"
"3020,0,0.11"
"3021,0,0.1"
"3022,0,0.07"
"3023,0,0.04"
"3024,0,0.05"
"3025,0,0.02"
"3026,0,0.06"
"3027,0,0.08"
"3028,0,0.1"
"3029,0,0.09"
"3030,0,0.11"
"3031,0,0.04"
"3032,0,0.18"
"3033,0,0.07"
"3034,0,0.05"
"3035,0,0.08"
"3036,0,0.17"
"3037,0,0.13"
"3038,0,0.23"
"3039,0,0.03"
"3040,0,0.11"
"3041,0,0.11"
"3042,0,0.09"
"3043,0,0.04"
"3044,0,0.0"
"3045,0,0.17"
"3046,0,0.04"
"3047,0,0.02"
"3048,0,0.17"
"3049,0,0.09"
"3050,0,0.05"
"3051,0,0.03"
"3052,0,0.13"
"3053,0,0.0"
"3054,0,0.02"
"3055,0,0.02"
"3056,0,0.01"
"3057,0,0.03"
"3058,0,0.15"
"3059,0,0.04"
"3060,0,0.14"
"3061,0,0.01"
"3062,0,0.01"
"3063,0,0.05"
"3064,0,0.05"
"3065,0,0.14"
"3066,0,0.06"
"3067,0,0.33"
"3068,0,0.02"
"3069,0,0.2"
"3070,0,0.18"
"3071,0,0.11"
"3072,0,0.35"
"3073,0,0.0"
"3074,0,0.15"
"3075,0,0.11"
"3076,0,0.42"
"3077,0,0.15"
"3078,0,0.11"
"3079,0,0.09"
"3080,0,0.06"
"3081,0,0.11"
"3082,0,0.1"
"3083,0,0.14"
"3084,0,0.07"
"3085,0,0.01"
"3086,0,0.1"
"3087,0,0.08"
"3088,0,0.06"
"3089,0,0.17"
"3090,0,0.02"
"3091,0,0.14"
"3092,0,0.15"
"3093,0,0.02"
"3094,0,0.15"
"3095,0,0.04"
"3096,0,0.25"
"3097,0,0.11"
"3098,0,0.03"
"3099,0,0.17"
"3100,0,0.21"
"3101,0,0.01"
"3102,0,0.12"
"3103,0,0.03"
"3104,0,0.05"
"3105,0,0.02"
"3106,0,0.15"
"3107,0,0.13"
"3108,0,0.01"
"3109,0,0.05"
"3110,0,0.09"
"3111,0,0.0"
"3112,0,0.11"
"3113,0,0.07"
"3114,0,0.11"
"3115,0,0.25"
"3116,0,0.03"
"3117,0,0.12"
"3118,0,0.06"
"3119,0,0.32"
"3120,0,0.01"
"3121,0,0.02"
"3122,0,0.16"
"3123,0,0.1"
"3124,0,0.12"
"3125,0,0.02"
"3126,0,0.04"
"3127,0,0.05"
"3128,0,0.07"
"3129,0,0.06"
"3130,0,0.05"
"3131,0,0.17"
"3132,0,0.03"
"3133,0,0.16"
"3134,0,0.01"
"3135,0,0.15"
"3136,0,0.05"
"3137,0,0.13"
"3138,0,0.05"
"3139,0,0.12"
"3140,0,0.16"
"3141,0,0.05"
"3142,0,0.01"
"3143,0,0.01"
"3144,0,0.14"
"3145,0,0.02"
"3146,0,0.01"
"3147,0,0.18"
"3148,0,0.03"
"3149,0,0.02"
"3150,0,0.03"
"3151,0,0.01"
"3152,0,0.12"
"3153,0,0.08"
"3154,0,0.11"
"3155,0,0.06"
"3156,0,0.03"
"3157,0,0.0"
"3158,0,0.06"
"3159,0,0.11"
"3160,0,0.11"
"3161,0,0.09"
"3162,0,0.02"
"3163,0,0.12"
"3164,0,0.0"
"3165,0,0.07"
"3166,0,0.11"
"3167,0,0.07"
"3168,0,0.12"
"3169,0,0.08"
"3170,0,0.16"
"3171,0,0.1459090909090909"
"3172,0,0.06"
"3173,0,0.03"
"3174,0,0.1"
"3175,0,0.08"
"3176,0,0.06"
"3177,0,0.12"
"3178,0,0.07"
"3179,0,0.18"
"3180,0,0.18"
"3181,0,0.25"
"3182,0,0.13"
"3183,0,0.03"
"3184,0,0.12"
"3185,0,0.16"
"3186,0,0.26"
"3187,0,0.07"
"3188,0,0.04"
"3189,0,0.09"
"3190,0,0.02"
"3191,0,0.13"
"3192,0,0.17"
"3193,0,0.01"
"3194,0,0.14"
"3195,0,0.06"
"3196,0,0.13"
"3197,0,0.42"
"3198,0,0.16"
"3199,0,0.04"
"3200,0,0.03"
"3201,0,0.13"
"3202,0,0.11"
"3203,0,0.07"
"3204,0,0.03"
"3205,0,0.18"
"3206,0,0.14666666666666667"
"3207,0,0.04"
"3208,0,0.04"
"3209,0,0.06"
"3210,0,0.05"
"3211,0,0.05"
"3212,0,0.17"
"3213,0,0.19"
"3214,0,0.13"
"3215,0,0.15"
"3216,0,0.03"
"3217,0,0.06"
"3218,0,0.04"
"3219,0,0.03"
"3220,0,0.09"
"3221,0,0.17"
"3222,0,0.1"
"3223,0,0.05"
"3224,0,0.02"
"3225,0,0.29"
"3226,0,0.04"
"3227,0,0.04"
"3228,0,0.02"
"3229,0,0.06"
"3230,0,0.14"
"3231,0,0.11"
"3232,0,0.07"
"3233,0,0.13"
"3234,0,0.07"
"3235,0,0.15"
"3236,0,0.22136363636363637"
"3237,0,0.07"
"3238,0,0.02"
"3239,0,0.11"
"3240,0,0.15"
"3241,0,0.08"
"3242,1,0.61"
"3243,0,0.08"
"3244,0,0.03"
"3245,0,0.12"
"3246,0,0.11"
"3247,0,0.01"
"3248,0,0.09"
"3249,0,0.04"
"3250,0,0.14"
"3251,0,0.04"
"3252,0,0.24"
"3253,0,0.16"
"3254,0,0.37"
"3255,0,0.08"
"3256,0,0.07"
"3257,0,0.1"
"3258,0,0.3"
"3259,0,0.16"
"3260,0,0.0"
"3261,0,0.13"
"3262,0,0.11"
"3263,0,0.07"
"3264,0,0.04"
"3265,0,0.0"
"3266,0,0.2"
"3267,0,0.28"
"3268,0,0.09"
"3269,0,0.11"
"3270,0,0.16"
"3271,0,0.16"
"3272,0,0.25"
"3273,0,0.12"
"3274,0,0.17"
"3275,0,0.14"
"3276,0,0.14"
"3277,0,0.02"
"3278,0,0.1"
"3279,0,0.01"
"3280,0,0.04"
"3281,0,0.19"
"3282,0,0.27"
"3283,0,0.02"
"3284,0,0.04"
"3285,0,0.04"
"3286,0,0.12"
"3287,0,0.08"
"3288,0,0.18"
"3289,0,0.04"
"3290,0,0.16"
"3291,0,0.09"
"3292,0,0.01"
"3293,0,0.09"
"3294,0,0.14"
"3295,0,0.05"
"3296,0,0.07"
"3297,0,0.02"
"3298,0,0.24"
"3299,0,0.06"
"3300,0,0.15"
"3301,0,0.4"
"3302,0,0.08"
"3303,0,0.09"
"3304,0,0.03"
"3305,0,0.14"
"3306,0,0.08"
"3307,0,0.12"
"3308,0,0.19"
"3309,0,0.04"
"3310,0,0.07"
"3311,0,0.03"
"3312,0,0.09"
"3313,0,0.19"
"3314,0,0.11"
"3315,0,0.0"
"3316,0,0.14"
"3317,0,0.21"
"3318,0,0.16"
"3319,0,0.06"
"3320,0,0.01"
"3321,0,0.02"
"3322,0,0.01"
"3323,0,0.05"
"3324,0,0.15"
"3325,0,0.48"
"3326,0,0.09"
"3327,0,0.07"
"3328,0,0.02"
"3329,0,0.24"
"3330,0,0.07"
"3331,0,0.11"
"3332,0,0.21"
"3333,0,0.23"
"3334,0,0.1"
"3335,0,0.02"
"3336,0,0.09"
"3337,0,0.08"
"3338,0,0.1"
"3339,0,0.05"
"3340,0,0.02"
"3341,0,0.07"
"3342,0,0.06"
"3343,0,0.14"
"3344,0,0.0"
"3345,0,0.13"
"3346,0,0.16"
"3347,0,0.14"
"3348,0,0.16"
"3349,0,0.08"
"3350,0,0.06"
"3351,0,0.01"
"3352,0,0.03"
"3353,0,0.14"
"3354,0,0.02"
"3355,0,0.05"
"3356,0,0.12"
"3357,0,0.12"
"3358,0,0.07"
"3359,0,0.15"
"3360,0,0.02"
"3361,0,0.03"
"3362,0,0.06"
"3363,0,0.08"
"3364,0,0.12"
"3365,0,0.14"
"3366,0,0.02"
"3367,0,0.18"
"3368,0,0.21"
"3369,0,0.19"
"3370,0,0.12"
"3371,0,0.05"
"3372,0,0.02"
"3373,0,0.17"
"3374,0,0.19"
"3375,0,0.04"
"3376,0,0.26"
"3377,0,0.2"
"3378,0,0.19"
"3379,0,0.34"
"3380,0,0.04"
"3381,0,0.02"
"3382,0,0.32"
"3383,0,0.13"
"3384,0,0.18"
"3385,0,0.09"
"3386,0,0.02"
"3387,0,0.05"
"3388,0,0.13"
"3389,0,0.01"
"3390,0,0.11"
"3391,0,0.23"
"3392,0,0.08"
"3393,0,0.2"
"3394,0,0.18"
"3395,0,0.08"
"3396,0,0.07"
"3397,0,0.04"
"3398,0,0.1"
"3399,0,0.04"
"3400,0,0.08"
"3401,0,0.17"
"3402,0,0.39"
"3403,0,0.03"
"3404,0,0.1"
"3405,0,0.22"
"3406,0,0.1"
"3407,0,0.02"
"3408,0,0.11"
"3409,0,0.04"
"3410,0,0.1"
"3411,0,0.16"
"3412,0,0.14"
"3413,0,0.11"
"3414,0,0.11"
"3415,0,0.24"
"3416,0,0.06"
"3417,0,0.29"
"3418,0,0.0"
"3419,0,0.09"
"3420,0,0.11"
"3421,0,0.08"
"3422,0,0.06"
"3423,0,0.12"
"3424,0,0.2"
"3425,0,0.08"
"3426,0,0.01"
"3427,0,0.0"
"3428,0,0.11"
"3429,0,0.05"
"3430,0,0.1"
"3431,0,0.13"
"3432,0,0.12"
"3433,0,0.04"
"3434,0,0.04"
"3435,0,0.15"
"3436,0,0.04"
"3437,0,0.08"
"3438,0,0.03"
"3439,0,0.22"
"3440,0,0.03"
"3441,0,0.1"
"3442,0,0.09"
"3443,0,0.11"
"3444,0,0.01"
"3445,0,0.13"
"3446,0,0.3"
"3447,0,0.14"
"3448,0,0.16"
"3449,0,0.01"
"3450,0,0.1"
"3451,0,0.13"
"3452,0,0.1"
"3453,0,0.0"
"3454,0,0.05"
"3455,0,0.05"
"3456,0,0.03"
"3457,0,0.14"
"3458,0,0.07"
"3459,0,0.08"
"3460,0,0.12"
"3461,0,0.03"
"3462,0,0.06"
"3463,0,0.03"
"3464,0,0.06"
"3465,0,0.23"
"3466,0,0.09"
"3467,0,0.09"
"3468,0,0.06"
"3469,0,0.04"
"3470,0,0.13"
"3471,0,0.02"
"3472,0,0.12"
"3473,0,0.1"
"3474,0,0.26"
"3475,0,0.21"
"3476,0,0.04"
"3477,0,0.12"
"3478,0,0.1"
"3479,0,0.12"
"3480,0,0.05"
"3481,0,0.16"
"3482,0,0.15"
"3483,0,0.05"
"3484,0,0.03"
"3485,0,0.06"
"3486,0,0.04"
"3487,0,0.02"
"3488,0,0.04"
"3489,0,0.02"
"3490,0,0.02"
"3491,0,0.25"
"3492,0,0.09"
"3493,0,0.03"
"3494,0,0.05"
"3495,0,0.04"
"3496,0,0.17"
"3497,0,0.03"
"3498,0,0.15"
"3499,0,0.07"
"3500,0,0.07"
"3501,0,0.09"
"3502,0,0.03"
"3503,0,0.2"
"3504,0,0.26"
"3505,0,0.07"
"3506,0,0.06"
"3507,0,0.1"
"3508,0,0.08"
"3509,0,0.03"
"3510,0,0.1"
"3511,0,0.06"
"3512,0,0.45"
"3513,0,0.44"
"3514,0,0.18"
"3515,0,0.36"
"3516,0,0.09"
"3517,0,0.12"
"3518,0,0.09"
"3519,0,0.25"
"3520,0,0.13"
"3521,0,0.02"
"3522,0,0.09"
"3523,0,0.13"
"3524,0,0.13"
"3525,0,0.29"
"3526,0,0.03"
"3527,0,0.07"
"3528,0,0.06"
"3529,0,0.12"
"3530,0,0.26"
"3531,0,0.15"
"3532,0,0.05"
"3533,0,0.04"
"3534,0,0.02"
"3535,0,0.09"
"3536,0,0.09"
"3537,0,0.01"
"3538,0,0.43"
"3539,0,0.09"
"3540,0,0.13"
"3541,0,0.44"
"3542,0,0.09"
"3543,0,0.02"
"3544,0,0.0"
"3545,0,0.14"
"3546,0,0.07"
"3547,0,0.24"
"3548,0,0.09"
"3549,0,0.04"
"3550,0,0.26"
"3551,0,0.03"
"3552,0,0.03"
"3553,0,0.05"
"3554,0,0.02"
"3555,0,0.18"
"3556,0,0.36"
"3557,0,0.05"
"3558,0,0.03"
"3559,0,0.14"
"3560,0,0.25"
"3561,0,0.21"
"3562,0,0.04"
"3563,0,0.07"
"3564,0,0.04"
"3565,0,0.1"
"3566,0,0.23"
"3567,0,0.04"
"3568,0,0.15"
"3569,0,0.41"
"3570,0,0.22"
"3571,0,0.0"
"3572,0,0.06"
"3573,0,0.14"
"3574,0,0.03"
"3575,0,0.14"
"3576,0,0.02"
"3577,0,0.35"
"3578,0,0.1"
"3579,0,0.04"
"3580,0,0.19"
"3581,0,0.14"
"3582,0,0.28"
"3583,0,0.06"
"3584,0,0.05"
"3585,0,0.01"
"3586,0,0.01"
"3587,0,0.02"
"3588,0,0.27"
"3589,0,0.15"
"3590,0,0.19"
"3591,0,0.17"
"3592,0,0.12"
"3593,0,0.01"
"3594,0,0.09"
"3595,0,0.07"
"3596,0,0.02"
"3597,0,0.05"
"3598,0,0.13"
"3599,1,0.71"
"3600,0,0.01"
"3601,0,0.04"
"3602,0,0.01"
"3603,0,0.06"
"3604,0,0.07"
"3605,0,0.13"
"3606,0,0.08"
"3607,0,0.03"
"3608,0,0.09"
"3609,0,0.03"
"3610,0,0.4"
"3611,0,0.09"
"3612,0,0.02"
"3613,0,0.28"
"3614,0,0.11"
"3615,0,0.05"
"3616,0,0.34"
"3617,0,0.09"
"3618,0,0.07"
"3619,0,0.02"
"3620,0,0.14"
"3621,0,0.26"
"3622,0,0.09"
"3623,0,0.06"
"3624,0,0.29"
"3625,0,0.03"
"3626,0,0.06"
"3627,0,0.19"
"3628,0,0.06"
"3629,0,0.07"
"3630,0,0.09"
"3631,0,0.05"
"3632,0,0.09"
"3633,0,0.14"
"3634,0,0.02"
"3635,0,0.01"
"3636,0,0.24"
"3637,0,0.02"
"3638,0,0.14"
"3639,0,0.3"
"3640,0,0.12"
"3641,0,0.02"
"3642,0,0.1"
"3643,0,0.07"
"3644,0,0.01"
"3645,0,0.03"
"3646,0,0.07"
"3647,0,0.0"
"3648,0,0.13"
"3649,0,0.15"
"3650,0,0.03"
"3651,0,0.03"
"3652,0,0.04"
"3653,0,0.15"
"3654,0,0.09"
"3655,0,0.11"
"3656,0,0.02"
"3657,0,0.4"
"3658,0,0.43"
"3659,0,0.01"
"3660,0,0.12"
"3661,0,0.08"
"3662,0,0.07"
"3663,0,0.15"
"3664,0,0.17"
"3665,0,0.1"
"3666,0,0.14"
"3667,0,0.35"
"3668,0,0.11"
"3669,0,0.23"
"3670,0,0.04"
"3671,0,0.06"
"3672,0,0.07"
"3673,0,0.01"
"3674,0,0.16"
"3675,0,0.0"
"3676,0,0.1"
"3677,0,0.18"
"3678,0,0.11"
"3679,0,0.07"
"3680,0,0.15"
"3681,0,0.05"
"3682,0,0.16"
"3683,0,0.04"
"3684,0,0.22"
"3685,0,0.0"
"3686,0,0.16"
"3687,0,0.04"
"3688,0,0.03"
"3689,0,0.05"
"3690,0,0.1"
"3691,0,0.04"
"3692,0,0.13"
"3693,0,0.08"
"3694,0,0.15"
"3695,0,0.16"
"3696,0,0.25"
"3697,0,0.2"
"3698,0,0.13"
"3699,0,0.08"
"3700,0,0.09"
"3701,0,0.12"
"3702,0,0.15"
"3703,0,0.18"
"3704,0,0.12"
"3705,0,0.08"
"3706,0,0.15"
"3707,0,0.09"
"3708,0,0.22"
"3709,0,0.04"
"3710,0,0.08"
"3711,0,0.26"
"3712,1,0.53"
"3713,0,0.16"
"3714,0,0.2"
"3715,0,0.09"
"3716,0,0.02"
"3717,0,0.07"
"3718,0,0.01"
"3719,0,0.0"
"3720,0,0.15"
"3721,0,0.06"
"3722,0,0.09"
"3723,0,0.0"
"3724,0,0.19"
"3725,0,0.07"
"3726,0,0.0"
"3727,0,0.05"
"3728,0,0.29"
"3729,0,0.21"
"3730,0,0.03"
"3731,0,0.25"
"3732,0,0.08"
"3733,0,0.22"
"3734,0,0.2"
"3735,0,0.22"
"3736,0,0.2"
"3737,0,0.03"
"3738,0,0.17"
"3739,0,0.2"
"3740,0,0.07"
"3741,0,0.05"
"3742,0,0.14"
"3743,0,0.01"
"3744,0,0.27"
"3745,0,0.03"
"3746,0,0.22"
"3747,0,0.0"
"3748,0,0.04"
"3749,0,0.16"
"3750,0,0.12"
"3751,0,0.12"
"3752,0,0.21"
"3753,0,0.11"
"3754,0,0.09"
"3755,0,0.03"
"3756,0,0.12"
"3757,0,0.09"
"3758,0,0.02"
"3759,0,0.03"
"3760,0,0.06"
"3761,0,0.04"
"3762,0,0.46"
"3763,0,0.09"
"3764,0,0.05"
"3765,0,0.02"
"3766,0,0.01"
"3767,0,0.09"
"3768,0,0.19"
"3769,0,0.2"
"3770,0,0.27"
"3771,0,0.13"
"3772,0,0.09"
"3773,0,0.36"
"3774,0,0.21"
"3775,0,0.11"
"3776,0,0.16"
"3777,0,0.08"
"3778,0,0.06"
"3779,0,0.05"
"3780,0,0.05"
"3781,0,0.03"
"3782,0,0.09"
"3783,0,0.14"
"3784,0,0.1"
"3785,0,0.05"
"3786,0,0.02"
"3787,0,0.18"
"3788,0,0.04"
"3789,0,0.01"
"3790,0,0.04"
"3791,0,0.14"
"3792,0,0.08"
"3793,0,0.14"
"3794,0,0.13"
"3795,0,0.22"
"3796,0,0.05"
"3797,0,0.22"
"3798,0,0.01"
"3799,0,0.2"
"3800,0,0.07"
"3801,0,0.11"
"3802,0,0.05"
"3803,0,0.11"
"3804,0,0.03"
"3805,0,0.0"
"3806,0,0.07"
"3807,0,0.11"
"3808,0,0.07"
"3809,0,0.1"
"3810,0,0.2"
"3811,0,0.02"
"3812,0,0.05"
"3813,0,0.18"
"3814,0,0.02"
"3815,0,0.17"
"3816,0,0.1"
"3817,0,0.02"
"3818,0,0.23"
"3819,0,0.06"
"3820,1,0.54"
"3821,0,0.09"
"3822,0,0.06"
"3823,0,0.12"
"3824,0,0.2"
"3825,0,0.0"
"3826,0,0.07"
"3827,0,0.04"
"3828,0,0.14"
"3829,0,0.26"
"3830,0,0.09"
"3831,0,0.06"
"3832,0,0.05"
"3833,0,0.21"
"3834,0,0.22"
"3835,0,0.06"
"3836,0,0.11"
"3837,0,0.03"
"3838,0,0.11"
"3839,0,0.22"
"3840,0,0.11"
"3841,0,0.02"
"3842,0,0.05"
"3843,0,0.1"
"3844,0,0.18"
"3845,0,0.08"
"3846,0,0.13"
"3847,0,0.07"
"3848,0,0.07"
"3849,0,0.06"
"3850,0,0.23"
"3851,0,0.03"
"3852,0,0.03"
"3853,0,0.08"
"3854,0,0.04"
"3855,0,0.07"
"3856,0,0.42"
"3857,0,0.22"
"3858,0,0.03"
"3859,0,0.1"
"3860,0,0.08"
"3861,0,0.04"
"3862,0,0.09"
"3863,0,0.14"
"3864,0,0.02"
"3865,0,0.04"
"3866,0,0.2"
"3867,0,0.12"
"3868,0,0.14"
"3869,0,0.06"
"3870,0,0.13"
"3871,0,0.04"
"3872,0,0.01"
"3873,0,0.17"
"3874,0,0.11"
"3875,0,0.1"
"3876,0,0.27"
"3877,0,0.06"
"3878,0,0.38"
"3879,0,0.14"
"3880,0,0.05"
"3881,0,0.06"
"3882,0,0.04"
"3883,0,0.09"
"3884,0,0.1"
"3885,0,0.17"
"3886,0,0.04"
"3887,0,0.02"
"3888,1,0.61"
"3889,0,0.07"
"3890,0,0.06"
"3891,0,0.09"
"3892,0,0.0"
"3893,0,0.08"
"3894,0,0.35"
"3895,0,0.08"
"3896,0,0.14"
"3897,0,0.18"
"3898,0,0.16"
"3899,0,0.17"
"3900,0,0.04"
"3901,0,0.09"
"3902,0,0.01"
"3903,0,0.03"
"3904,0,0.07"
"3905,0,0.01"
"3906,0,0.09"
"3907,0,0.41"
"3908,0,0.15"
"3909,0,0.03"
"3910,0,0.06"
"3911,0,0.35"
"3912,0,0.05"
"3913,0,0.07"
"3914,0,0.05"
"3915,0,0.36"
"3916,0,0.29"
"3917,0,0.09"
"3918,0,0.02"
"3919,0,0.1"
"3920,0,0.12"
"3921,0,0.02"
"3922,0,0.31"
"3923,0,0.07"
"3924,0,0.05"
"3925,0,0.08"
"3926,0,0.09"
"3927,0,0.17"
"3928,0,0.38"
"3929,0,0.13"
"3930,0,0.04"
"3931,0,0.12"
"3932,0,0.18"
"3933,0,0.06"
"3934,0,0.14"
"3935,0,0.1"
"3936,0,0.13"
"3937,0,0.06"
"3938,0,0.13"
"3939,0,0.04"
"3940,0,0.15"
"3941,0,0.18"
"3942,0,0.16"
"3943,0,0.03"
"3944,0,0.16"
"3945,0,0.05"
"3946,0,0.13"
"3947,0,0.05"
"3948,0,0.08"
"3949,0,0.03"
"3950,0,0.01"
"3951,0,0.06"
"3952,0,0.03"
"3953,0,0.1"
"3954,0,0.08"
"3955,0,0.03"
"3956,0,0.14"
"3957,0,0.3"
"3958,0,0.18"
"3959,0,0.25"
"3960,0,0.19"
"3961,0,0.1"
"3962,0,0.15"
"3963,0,0.04"
"3964,0,0.18"
"3965,0,0.03"
"3966,0,0.02"
"3967,0,0.0"
"3968,0,0.02"
"3969,0,0.32"
"3970,0,0.1"
"3971,0,0.12"
"3972,0,0.26"
"3973,0,0.05"
"3974,0,0.29"
"3975,0,0.04"
"3976,0,0.06"
"3977,0,0.22"
"3978,0,0.17"
"3979,0,0.12"
"3980,0,0.27"
"3981,0,0.01"
"3982,0,0.15"
"3983,0,0.04"
"3984,0,0.37"
"3985,0,0.01"
"3986,0,0.11"
"3987,0,0.09"
"3988,0,0.09"
"3989,0,0.17"
"3990,0,0.05"
"3991,0,0.04"
"3992,0,0.08"
"3993,0,0.05"
"3994,0,0.22"
"3995,0,0.34"
"3996,0,0.11"
"3997,0,0.13"
"3998,0,0.25"
"3999,0,0.25"
"4000,0,0.03"
"4001,0,0.28"
"4002,0,0.1"
"4003,0,0.15"
"4004,0,0.2"
"4005,0,0.05"
"4006,0,0.03"
"4007,0,0.07"
"4008,0,0.15"
"4009,0,0.1"
"4010,0,0.03"
"4011,0,0.19"
"4012,0,0.1"
"4013,0,0.12"
"4014,0,0.13"
"4015,0,0.1"
"4016,0,0.21"
"4017,0,0.12"
"4018,0,0.01"
"4019,0,0.07"
"4020,0,0.18"
"4021,0,0.04"
"4022,0,0.15"
"4023,0,0.08"
"4024,0,0.04"
"4025,0,0.15"
"4026,0,0.07"
"4027,0,0.36590909090909096"
"4028,0,0.11"
"4029,0,0.09"
"4030,0,0.26"
"4031,0,0.05"
"4032,0,0.09"
"4033,0,0.02"
"4034,0,0.2"
"4035,0,0.04"
"4036,0,0.03"
"4037,0,0.03"
"4038,0,0.09"
"4039,0,0.03"
"4040,0,0.2"
"4041,0,0.04"
"4042,0,0.07"
"4043,0,0.07"
"4044,0,0.41"
"4045,0,0.11"
"4046,0,0.2"
"4047,0,0.03"
"4048,0,0.18"
"4049,0,0.03"
"4050,0,0.06"
"4051,0,0.04"
"4052,0,0.12"
"4053,0,0.04"
"4054,0,0.05"
"4055,0,0.24"
"4056,0,0.11"
"4057,0,0.28"
"4058,0,0.07"
"4059,0,0.11"
"4060,0,0.0"
"4061,0,0.06"
"4062,0,0.2"
"4063,0,0.08"
"4064,0,0.05"
"4065,0,0.14"
"4066,0,0.03"
"4067,0,0.11"
"4068,0,0.13"
"4069,0,0.09"
"4070,0,0.02"
"4071,0,0.03"
"4072,0,0.15"
"4073,0,0.1"
"4074,0,0.1"
"4075,0,0.08"
"4076,0,0.01"
"4077,0,0.04"
"4078,0,0.0"
"4079,0,0.18"
"4080,0,0.05"
"4081,0,0.04"
"4082,0,0.04"
"4083,0,0.07"
"4084,0,0.11"
"4085,0,0.14"
"4086,0,0.05"
"4087,0,0.09"
"4088,0,0.03"
"4089,0,0.02"
"4090,0,0.07"
"4091,0,0.15"
"4092,0,0.04"
"4093,0,0.11"
"4094,0,0.14"
"4095,0,0.04"
"4096,0,0.09"
"4097,0,0.08"
"4098,0,0.08"
"4099,0,0.22"
"4100,0,0.02"
"4101,0,0.1"
"4102,0,0.05"
"4103,0,0.23"
"4104,0,0.19"
"4105,0,0.07"
"4106,0,0.17"
"4107,0,0.05"
"4108,0,0.29"
"4109,0,0.03"
"4110,0,0.1"
"4111,0,0.04"
"4112,0,0.09"
"4113,0,0.17"
"4114,0,0.18"
"4115,0,0.04"
"4116,0,0.4"
"4117,0,0.12"
"4118,0,0.06"
"4119,0,0.25"
"4120,0,0.06"
"4121,0,0.39"
"4122,0,0.07"
"4123,0,0.07"
"4124,0,0.06"
"4125,0,0.23"
"4126,0,0.17"
"4127,0,0.05"
"4128,0,0.1459090909090909"
"4129,0,0.14"
"4130,0,0.13"
"4131,0,0.07"
"4132,0,0.06"
"4133,0,0.36"
"4134,0,0.14"
"4135,0,0.08"
"4136,0,0.25"
"4137,0,0.06"
"4138,0,0.34"
"4139,0,0.16"
"4140,0,0.03"
"4141,0,0.01"
"4142,0,0.01"
"4143,0,0.01"
"4144,0,0.07"
"4145,0,0.04"
"4146,0,0.08"
"4147,0,0.11"
"4148,0,0.07"
"4149,0,0.38"
"4150,0,0.1"
"4151,0,0.11"
"4152,0,0.13"
"4153,0,0.11"
"4154,0,0.06"
"4155,0,0.01"
"4156,0,0.35"
"4157,0,0.18"
"4158,0,0.09"
"4159,0,0.06"
"4160,0,0.1"
"4161,0,0.18"
"4162,0,0.04"
"4163,0,0.08"
"4164,0,0.15"
"4165,0,0.11"
"4166,0,0.21"
"4167,0,0.11"
"4168,0,0.09"
"4169,0,0.12"
"4170,0,0.04"
"4171,0,0.12"
"4172,0,0.07"
"4173,0,0.39"
"4174,0,0.2"
"4175,0,0.4"
"4176,0,0.07"
"4177,0,0.08"
"4178,0,0.05"
"4179,0,0.08"
"4180,0,0.0"
"4181,0,0.17"
"4182,0,0.2"
"4183,0,0.06"
"4184,0,0.27"
"4185,0,0.04"
"4186,0,0.2"
"4187,0,0.2"
"4188,0,0.07"
"4189,0,0.04"
"4190,0,0.12"
"4191,0,0.12"
"4192,0,0.06"
"4193,0,0.07"
"4194,0,0.03"
"4195,0,0.06"
"4196,0,0.19"
"4197,0,0.1"
"4198,0,0.22"
"4199,0,0.08"
"4200,0,0.39"
"4201,0,0.1"
"4202,0,0.2"
"4203,0,0.18"
"4204,0,0.08"
"4205,0,0.09"
"4206,0,0.04"
"4207,0,0.14"
"4208,0,0.05"
"4209,0,0.03"
"4210,0,0.22"
"4211,0,0.02"
"4212,0,0.27"
"4213,0,0.14"
"4214,0,0.1"
"4215,0,0.1"
"4216,0,0.08"
"4217,0,0.02"
"4218,0,0.33"
"4219,0,0.05"
"4220,0,0.02"
"4221,0,0.12"
"4222,0,0.02"
"4223,0,0.2"
"4224,0,0.03"
"4225,0,0.13"
"4226,0,0.03"
"4227,0,0.03"
"4228,0,0.04"
"4229,0,0.16"
"4230,0,0.01"
"4231,0,0.24"
"4232,0,0.13"
"4233,0,0.1"
"4234,0,0.26"
"4235,0,0.15"
"4236,0,0.12"
"4237,0,0.09"
"4238,0,0.05"
"4239,0,0.45"
"4240,0,0.04"
"4241,0,0.05"
"4242,0,0.04"
"4243,0,0.13"
"4244,0,0.42"
"4245,0,0.12"
"4246,0,0.08"
"4247,0,0.11"
"4248,0,0.01"
"4249,0,0.11"
"4250,0,0.11"
"4251,0,0.03"
"4252,0,0.02"
"4253,0,0.03"
"4254,0,0.04"
"4255,0,0.08"
"4256,0,0.06"
"4257,0,0.12"
"4258,0,0.12"
"4259,0,0.05"
"4260,0,0.12"
"4261,0,0.07"
"4262,0,0.17"
"4263,0,0.24"
"4264,0,0.02"
"4265,0,0.14"
"4266,0,0.07"
"4267,0,0.04"
"4268,0,0.04"
"4269,0,0.15"
"4270,0,0.05"
"4271,0,0.09"
"4272,0,0.01"
"4273,0,0.01"
"4274,0,0.17"
"4275,0,0.03"
"4276,0,0.05"
"4277,0,0.07"
"4278,0,0.21136363636363636"
"4279,0,0.02"
"4280,0,0.07"
"4281,0,0.04"
"4282,0,0.07"
"4283,0,0.07"
"4284,0,0.07"
"4285,0,0.23"
"4286,0,0.16"
"4287,0,0.02"
"4288,0,0.14"
"4289,0,0.17"
"4290,0,0.13"
"4291,0,0.12"
"4292,0,0.08"
"4293,0,0.12"
"4294,0,0.02"
"4295,0,0.23"
"4296,0,0.04"
"4297,0,0.0"
"4298,0,0.05"
"4299,0,0.08"
"4300,1,0.6"
"4301,0,0.05"
"4302,0,0.08"
"4303,0,0.05"
"4304,0,0.09"
"4305,0,0.21"
"4306,0,0.49"
"4307,0,0.19"
"4308,0,0.01"
"4309,0,0.2"
"4310,0,0.16"
"4311,0,0.25"
"4312,0,0.09"
"4313,0,0.06"
"4314,0,0.09"
"4315,0,0.1"
"4316,0,0.04"
"4317,0,0.05"
"4318,0,0.07"
"4319,0,0.2"
"4320,0,0.41"
"4321,0,0.14"
"4322,0,0.29"
"4323,0,0.06"
"4324,0,0.08"
"4325,0,0.21"
"4326,0,0.1"
"4327,0,0.08"
"4328,0,0.12"
"4329,0,0.16"
"4330,0,0.38"
"4331,0,0.11"
"4332,0,0.08"
"4333,0,0.13"
"4334,0,0.01"
"4335,0,0.12"
"4336,0,0.06"
"4337,0,0.15"
"4338,0,0.11"
"4339,0,0.27"
"4340,0,0.1"
"4341,0,0.16"
"4342,0,0.0"
"4343,0,0.08"
"4344,0,0.22"
"4345,0,0.02"
"4346,0,0.17"
"4347,0,0.09"
"4348,0,0.08"
"4349,0,0.11"
"4350,0,0.02"
"4351,0,0.19"
"4352,0,0.15"
"4353,0,0.25"
"4354,0,0.16"
"4355,0,0.22"
"4356,0,0.07"
"4357,0,0.07"
"4358,0,0.0"
"4359,0,0.05"
"4360,0,0.03"
"4361,0,0.25"
"4362,0,0.03"
"4363,0,0.11"
"4364,0,0.04"
"4365,0,0.07"
"4366,0,0.18"
"4367,0,0.27"
"4368,0,0.14"
"4369,0,0.23"
"4370,0,0.07"
"4371,0,0.03"
"4372,0,0.0"
"4373,0,0.12"
"4374,0,0.04"
"4375,0,0.09"
"4376,0,0.09"
"4377,0,0.1"
"4378,0,0.11"
"4379,0,0.0"
"4380,0,0.31666666666666665"
"4381,0,0.08"
